Timestamp_sec,Engine_RPM,Engine_Load_Pct,Mass_Air_Flow_g_s,Short_Term_Fuel_Trim_Pct,Long_Term_Fuel_Trim_Pct,O2_Sensor_Volts
0,727.697559908932,16.124689021887306,2.5212076917852713,7.526366889074824,12.39290448836971,0.4632656208597509
1,758.5677319233054,12.580647252438187,2.492831504063112,8.407833901095055,11.702712113724376,0.7350528501814486
2,740.6661796566993,15.423781942632539,2.629360841708267,7.98880081273182,11.379154574485367,0.805970667181659
3,733.275870185028,11.477873426494982,2.666948063274748,7.3224728322422585,11.994324999988123,0.8302636706739935
4,791.9712729818395,12.383461826598898,2.264937982170234,8.444157585232857,12.042271813690713,0.7785148657516464
5,771.3762210611559,15.184559148585011,2.4728452286885765,7.275487543541419,11.177741809730446,0.7179161361802989
6,758.5091378413294,14.580292048451435,2.5188453186048214,4.994402662585623,12.375275854814884,0.6068071800519979
7,745.6144082402092,17.614050914739998,2.7412110664096763,8.406753619579359,12.666317410890002,0.28225798582543987
8,760.7750475463739,14.974428875642683,2.43419068322669,9.913086341794633,12.41001380543037,0.20431575461899107
9,748.6239984846512,14.530985046010997,2.3565286613374727,4.00642274423804,11.941892263306446,0.21144967149811322
10,748.8330924559383,20.448955075648186,2.529694020443152,8.692101404974162,11.52694938748533,0.1939964277746079
11,756.2693434215732,17.199500625159608,2.3194942477510114,8.329519463304775,12.287316742648335,0.26721373244454943
12,761.4554231482571,15.708621203429324,2.5752754082539946,6.500629708698076,11.74743749124787,0.36183398990896587
13,780.9000635297746,15.477888720511558,2.4528812605363375,8.674249818827636,12.011224200041967,0.4505319518555551
14,770.5653003040122,15.728485334751058,2.153785039324138,6.723233939510903,11.654224044138777,0.8393456505727814
15,739.0219538170015,15.507007700326128,2.4461122007046288,7.1662172942231015,11.292079851777968,0.7925983556753594
16,757.8423740674523,16.20812961120399,2.8898122035029337,7.87754759871275,12.521779607075874,0.9250854386398751
17,745.631619793531,17.20842496791013,2.615477453503683,7.601853667339206,12.757245548570209,0.6868823402403379
18,728.1903179834813,16.785314767118077,2.586090519408195,6.214687018491928,12.420889356474362,0.5584456758770315
19,735.4690785081672,20.663270113468243,2.3673241079739396,7.115794591100724,11.7925927350248,0.492408878081438
20,763.0304384972467,16.341327955388714,2.5855859664994894,7.120876927485272,11.27257031922138,0.32145626552741113
21,739.0184969436189,14.182623857816319,2.360091747560956,7.626373041128391,12.275107559046683,0.11611324781788286
22,740.1539313764254,15.410374608293242,2.6268871154562583,10.042925785603646,11.351183248482453,0.12814327088910382
23,781.0863323442499,11.83705696635246,2.3886607506791355,9.911412193381448,11.665273948356685,0.1625688407173307
24,764.8826771782861,15.414733335460626,2.2496914462154005,8.941484812071385,12.38880766640356,0.2914243025150092
25,758.8788893194151,16.245104937909517,2.150769775905113,8.380352304944306,12.217286368121824,0.3947367687352609
26,745.7158778264472,13.208751175439671,2.7382594010076633,7.360606270630858,12.27806258424164,0.6343154847453615
27,763.771396438787,18.424953484396184,2.6793109191648865,7.534224690708553,11.316431032750756,0.762113211444257
28,736.3167798757262,17.599742039101738,2.106844345243916,7.517271172472163,12.014097114609838,0.95
29,734.1921392436057,12.427037685756467,2.152541133363648,8.65051247850715,11.49282642524483,0.7762258290676092
30,752.8342215200389,11.597587917903466,2.3268740418089835,8.902048623420585,12.417641481077252,0.8001869534430797
31,735.7554948006597,14.441578430686594,2.376808101741626,8.87218214056878,12.103021799621883,0.5784403680471987
32,753.373553482114,16.322433662360673,1.8962100427363282,7.327223437842722,11.857630279230237,0.3711442015677305
33,772.4817539755617,17.109443625541903,2.2325139134933516,7.118097064610263,12.36746926432782,0.315451198057757
34,758.238740127587,16.200454809974325,2.532834497955754,9.456085254069198,11.744679467968362,0.23828764694032867
35,745.3636500864087,15.121934524214417,2.3869260486657904,10.121742299012201,12.031495970127231,0.1584300506615172
36,747.0512312186918,18.427087936570683,2.576453855386014,5.653684806727828,12.062361802600636,0.1652004031362328
37,764.9312379273155,14.492864952992917,2.2691023933738297,6.842927251577208,12.266624512962322,0.3249295887997142
38,731.4539422653941,12.37925313385973,2.6957138141765467,7.212201505662462,11.858208793158004,0.42839348690312057
39,748.6265744961044,13.466414753604383,2.3901620419769674,10.206405498807282,12.501853985070479,0.7963350949231963
40,777.0315363442253,14.052152514711707,2.5475915241785874,7.191443371325619,12.034952872982966,0.7896254208331516
41,773.8230295043329,11.13995759501471,2.6354964310903486,5.763651144969133,12.713692954309312,0.8986768787281403
42,744.1293108758475,12.257567445746993,2.37964693289933,7.637966265021122,11.580901613112307,0.8533122348848575
43,751.1882057703851,17.2258307102664,2.769322637048667,8.173738359520511,11.477393720270149,0.6744857471860061
44,747.2926735756761,12.737626860516578,2.50092470041172,6.3798157976606795,11.434982441761209,0.454884826745463
45,742.9586470035839,15.5599396309517,2.3771429758039035,9.065616861371248,12.658470986126444,0.27510761208007883
46,774.3141410687493,13.69718852644074,2.4683580341234803,8.408115123372955,11.713866604911138,0.2110897216507026
47,739.992139391307,15.715736686065412,2.3516038373954924,6.2402447037182345,12.597273020266012,0.11582238466035283
48,757.0779483712985,14.641612536019903,2.4587906824113785,7.421459826104526,11.227356877062338,0.1984931476906786
49,749.0464747000335,13.016449948154607,2.3288650258629002,6.856503974361847,11.807784138171804,0.27253017897379433
50,752.136928275816,14.564479523169835,2.716118305882399,7.81312986449421,12.7682475701616,0.3947652655325803
51,748.9263882632588,12.162399771546568,2.8905181842736907,9.194012991758763,11.922620174215663,0.6312369108173458
52,732.6764167481227,14.995260821935275,2.6795316436294416,8.82020827182608,12.225846963819542,0.8687091131135667
53,765.0847108034657,18.09979883577634,2.6911224579434316,7.499125466221508,12.069639259283477,0.7986207634923053
54,753.4176128839825,14.860077637533887,2.626412820989841,9.534502498450003,12.807666481778869,0.8479615855336221
55,777.0834502627354,15.589343227733657,2.605021853929254,10.09795582904377,12.087065598559311,0.7395193951721567
56,726.3772427259245,12.416949805685485,2.2024797023805003,8.190096509313442,12.2282972583536,0.6394963336842263
57,773.6773079879084,16.913065967068352,2.584030515271771,5.951963536250963,11.269755337226991,0.36869401374090865
58,726.9141919269395,9.120086752736025,2.522249229219472,9.476532405736517,11.55488588317359,0.3122191358959973
59,744.3549355619112,13.754112693861314,2.6063388206131406,6.518170492958289,11.965922701212568,0.12126724419006396
60,758.5943286217696,18.220086162329384,2.7894447377324316,8.094172285894961,11.98789270117804,0.2044551610909275
61,767.0769610469625,19.150670236177994,2.83417346389922,9.240309988902261,11.783595584696968,0.19593447723730453
62,770.6494087298713,16.05165665602328,2.4260811862312632,9.119579976120443,11.461505954792713,0.3704335746501209
63,741.4991329233225,15.71867605787911,2.2675148837776673,8.901026107047858,11.805396686828255,0.5890653062325233
64,746.7725268750028,10.997250568649118,2.3942247381588295,6.601680175334178,12.572212223413029,0.7314833427527458
65,741.7701452492944,15.369333572053987,2.8779281131030037,8.849629735678928,12.573555853701725,0.8271043213827859
66,749.2893295811663,16.683886801137618,2.4762894521671646,9.190250267087645,11.927964680760574,0.8852360677347156
67,730.5432685629036,11.051195938146034,2.3360644512117,5.447406543573526,11.778954399551806,0.7718009362171565
68,746.1309175974566,15.964981349734657,2.6718943890980262,9.183602244209897,11.884309075882431,0.7413622482769439
69,740.7418008329562,18.773117256160603,2.5664028327400965,7.010183195131499,12.463700290950728,0.5517354576314316
70,726.012361067413,12.710764573665072,2.251803316524545,8.796112624985112,11.917012617038255,0.26448781808976596
71,754.385196376239,14.12216355164673,2.892625926126314,7.682970097515453,11.677818160750741,0.2609537557874856
72,728.5529714686807,14.832417596020093,2.5134244829392465,5.446655845035682,11.835221322881607,0.16073691318560313
73,742.043294689487,15.37785574708157,2.562455013248765,5.685019668799136,11.796244695630804,0.05655149100581902
74,749.3862903631829,13.254887345694776,2.6654142250005,8.84084891667755,11.78366407609444,0.2739925958340359
75,781.5444917956308,11.634367539992734,2.4705631872163267,8.691579216423605,12.319249615816538,0.4663552703943384
76,747.6691715233413,20.70738688247505,2.5218127162790527,8.930361490291084,11.92616705154019,0.5291730387030961
77,772.8576704956989,13.980155119748032,2.588844847941293,6.145294983376042,11.780775555212827,0.6877444394561838
78,755.4814917203455,11.576689263506728,2.4159412174859995,7.555317594464241,12.350106891307654,0.7916944493161844
79,760.0023777656519,16.18911598490813,2.6573477593825654,7.2665100472804225,12.333020593110891,0.807232329739968
80,759.4749249895324,17.203464998530418,2.642504370027376,9.356994125502199,12.281417900798084,0.7341536574537321
81,744.8992816568967,14.318184996680634,2.826393676531895,8.068618937304304,12.61581149679297,0.6385005879787709
82,749.3407368145809,15.177571211225864,2.051902224053688,8.947667221872722,11.94458357650489,0.4373587782656024
83,770.8525499233643,15.838466337973658,2.4404771476465292,10.89275546699724,12.242752723922802,0.30259130049481364
84,743.2087955091157,14.912732280366159,2.571936702525976,6.37568029118019,11.778436009341231,0.1772327464380988
85,757.3270072183618,16.93955608350165,2.697249487510812,10.969348325849875,11.980999740908853,0.17134304054184993
86,711.0025598796926,12.060312261929448,2.3783385828488086,6.331924389933478,12.466100277037881,0.23395892932115403
87,737.7985252478525,16.255638090407153,2.1216847823602243,8.188826262011666,13.155790919001365,0.3682441311991073
88,738.639719405033,15.413862609280294,2.5111201272260018,8.647906733966108,12.283252941580072,0.5101527349556421
89,747.5552933269072,15.995085062746226,2.310940327531058,6.426328998878769,11.799893122870241,0.617957607901247
90,756.8888423834956,13.725281343203786,2.2595746132280814,8.692156912186558,13.229523382355405,0.8519373707345527
91,732.8831184171678,13.522217333359533,2.588153093546385,5.726298219953163,11.473034481505543,0.9238025370083696
92,757.6257042547018,14.569297421667251,2.680000267769633,7.075254085292711,12.507625303215246,0.8495627854856989
93,732.6071761063062,11.058835074558047,2.7923348136077775,8.204358839245081,11.666121001751096,0.7052659463687614
94,757.8382257624132,14.201891281108066,2.3730451599630897,8.687203400763005,11.48931069057386,0.5060026503198167
95,722.3604816258742,15.65128147329081,2.34002452160775,6.838231171513947,12.485471391332275,0.35132702810863664
96,745.435860584738,16.31369756557083,2.5738709161719,7.982012203346878,11.908845734714703,0.27483663117357365
97,721.5519586916034,17.20399416829918,2.656796634986242,9.01654352777729,12.043923763203535,0.06268004763762669
98,751.8486814460165,15.445054460923192,2.8621680534509975,8.754893587367786,12.085893366159427,0.19737538259401088
99,770.8200367729344,15.619875812434277,2.4678036796734393,8.969232030813794,12.304109200910036,0.31058910354030156
100,787.5259302212417,15.115721497693734,2.6368471783230674,10.298782691999259,12.741370643506507,0.3951852695583111
101,749.2490284975197,9.828093049770736,2.3882305885961013,5.143100720290632,11.884040688712211,0.5708862915457418
102,735.7932019717863,15.902674352458664,2.172893036464909,9.285676201361952,11.451341170426922,0.7155490648319185
103,745.6809928619607,14.080391068113407,2.2591567438071296,9.473880283917932,12.485188249478341,0.8818093066490421
104,749.5756316056041,18.839421699027397,2.4222726460569732,9.00317816825796,12.050203639448174,0.7961347248332913
105,742.7332260365874,11.33095400278557,2.6779844274063715,11.25907005906112,12.219771003660615,0.7426666779718356
106,726.5878226103017,13.487612903480702,2.643973590524901,5.1950616383394586,10.861307245447406,0.6913279388905731
107,758.9972705578085,18.29608851610734,2.6013522381244063,10.855709323556425,12.353557467905896,0.5075567475930118
108,744.3936575287771,15.042584910931623,2.5506943556598114,7.086548394926913,12.689137242112489,0.43586982567825183
109,772.2378911181604,12.725663411412746,2.3801814495442866,6.694597000026867,12.274051877545899,0.20442816022463275
110,753.6717616444552,13.647601513269027,2.394331448214251,5.572599009050689,12.734555338336751,0.13246258050895993
111,765.1954369965976,13.352650339332497,2.5138967313260694,9.531180960056723,12.248922102596742,0.1683936956286518
112,758.3532158469974,12.198175204606628,2.673108427732851,11.21659338863323,11.468543365145957,0.3446558354283719
113,728.9684909034415,14.541213794696965,2.2123676397024097,8.034308862840664,11.463896581730552,0.5157019044589053
114,717.9716252091514,17.32313603140905,2.3357916891272077,8.15964316347891,10.60325042746669,0.589023922682502
115,735.9364994913852,15.329502362431636,2.189869154107701,8.221680678761016,11.995351745302061,0.8444982294388641
116,745.5172278408102,17.08652376182081,2.4697520527844783,9.814253703867799,12.132563848411571,0.8138003044939731
117,761.0056987897843,12.147824077340374,2.6983158048190234,8.938313693328578,12.11420138216393,0.827988801163401
118,769.6849644223175,12.487936091563268,2.4629723458436676,9.515088275687853,11.576473325791444,0.7297262404668153
119,751.5556410265295,14.290259305494295,2.447599239188013,5.935558173661384,11.702949046924408,0.6202318387644586
120,742.0281741835836,16.770569782282408,9.579189757811939,1.3296140864918462,2.1001342089899118,0.3403575851718673
121,785.9209646357353,17.50189299350229,12.490673884545638,1.6435460343961688,2.2554678508739525,0.2930951708221755
122,876.763380540681,20.835561646071532,14.429169932218512,1.6096919271937846,2.3803339211765637,0.20243715877674767
123,816.3483636036777,12.522017937225064,12.193023481454555,3.5167409524774307,2.4096564080346594,0.19403042210157256
124,855.7722973570105,22.03235266701179,13.790024730193652,2.4350849351397335,3.1739309755198883,0.1551513149390409
125,905.7666918037035,18.02524502811883,13.423055976406307,1.5135863055507248,3.3908834717611605,0.35473659095767207
126,844.8420043283088,18.080302765938367,14.583176474718593,3.1177344452628413,4.097137772520548,0.5610653577567289
127,905.6113035622453,18.18153253256588,13.705386546707407,3.3547186353388287,3.209995652229966,0.726795137794708
128,963.48107423426,18.683836266893667,13.377428704903878,1.0247320144761904,2.963502071026323,0.8110717883350607
129,972.4352201735885,23.76090894904712,14.824091273101562,0.3986188618030202,3.5029310400564153,0.8152806796521318
130,966.5697666939502,25.41064765051677,15.391933931630751,0.37806618406186776,3.118319444868267,0.7648841124834876
131,1058.809549381943,20.607638552993997,15.483327057036908,1.8797192628712212,3.097507843163067,0.6953230217543814
132,991.3179798160642,28.899323129032723,16.80600625578598,0.32490204979930404,2.5182378720265164,0.5303769284508633
133,1004.5900850179667,21.169221046859786,16.184103867715923,1.6572633478996441,3.447046307068673,0.35986121253249825
134,1142.7737501010722,21.719666901478988,16.610225393063523,1.5593350735866773,3.1443829389157867,0.22390719084960944
135,1084.078937188521,25.142854365686446,14.650601161879909,1.0552345033995463,2.5620069860063266,0.05
136,1120.1819545334354,22.63677925908941,14.911092589549323,1.989073521424868,2.9674719447050433,0.21607748159874646
137,1133.170152420386,25.06241046347523,15.521874015688084,2.590208861123187,3.9798516523046,0.31228846965831125
138,1168.2373919105137,21.6536662972064,17.00923261863432,0.41422536913824004,3.1048507373348553,0.5363458948927035
139,1195.315773059729,23.368793443886172,17.506408780163255,3.1468513269154537,2.997777018327477,0.7031423399288383
140,1231.5053566921665,26.08846879769465,19.240260647644273,2.717553683578859,3.062642379475161,0.7817712178194409
141,1221.8461500966607,25.326884255226993,16.308160598233513,2.294855537029759,2.756461602822522,0.7838166908249163
142,1294.8068591698777,26.40301224898307,19.4781709041322,2.0383944005366645,3.5788117465222067,0.8267403177234438
143,1298.6308721831317,28.75014523228751,17.97498752241477,4.366177549707369,1.8593251755675486,0.8075383875045172
144,1324.493776719552,25.563828851803912,19.602051325142742,1.0600356470487156,2.3592609608524104,0.6052910167795807
145,1309.530339840575,28.041051704959365,19.814942053037225,1.6409066528747542,2.6299064561428858,0.4730481779342245
146,1370.4013020480386,27.89929063654705,20.287589227449956,1.6084798943763914,2.9142176508688507,0.2693603069148349
147,1339.5486794715243,34.57815003862468,18.70448909282402,1.6362548302246884,3.747687800892845,0.05
148,1297.4292412538873,27.48517634892544,18.1339828559803,2.4660040043016167,2.5595762756142033,0.21241841843897508
149,1455.80042708371,29.30289486637522,22.079980189012996,0.05429024462888998,2.0265834160099203,0.1476494169697792
150,1452.6089451558007,31.638769572943218,22.472220260201485,2.353304810440843,2.941582592783294,0.3641230740977737
151,1495.8655204570105,31.757399960930105,23.121318104694847,2.1181644328238534,2.7975872043264283,0.6045299336503972
152,1507.1987206241986,34.47913205598568,21.114638251947436,2.181575941494503,2.5342088914839045,0.6774633090780725
153,1524.736754003727,33.24704214432516,21.01418733754929,2.52234002462054,2.7228972360546,0.833929003019103
154,1537.2960839668885,34.794728121786584,23.987196299277052,2.8616981081954336,3.28463871996125,0.8499813146760029
155,1617.8164078211637,38.482119423108465,24.46167646464391,2.5378286563784975,1.7087009400988171,0.8494438625157329
156,1571.8085595550272,37.85241466230096,24.160573365295235,1.020996724827585,2.891675577205737,0.6730431992463647
157,1576.4707774581009,32.208000150067676,23.838142674559982,1.9281179881572952,2.0347955157255972,0.43138203015305465
158,1621.286198257012,40.89683380252862,25.234051384363962,2.551417506575108,3.2295862025621718,0.31175035204990453
159,1715.0435421546754,39.620225925371514,24.536512915365755,3.052589081122818,2.211116502624578,0.25944060124334917
160,1683.901576563484,38.31535810014549,27.406353766289637,1.6404232754944632,3.805686365045114,0.14138696774009887
161,1731.4589714160586,37.127409683586265,25.72931227877953,1.8202897373134868,3.0102761264185967,0.1828044426754323
162,1733.5762061981545,41.811990471169565,26.232787046330724,-0.18843379064961718,2.383655301853982,0.27505463612218783
163,1726.4471753445957,42.87686213207115,25.885095636051815,2.0681654537818983,3.3104927038995715,0.46913188733726296
164,1794.577348766693,49.505797904704636,27.709337327051706,3.3381059965016107,3.7215608925534935,0.5912476557275048
165,1781.8857146898554,34.582497827951606,26.511218858803385,1.6712687156406838,3.458964700849691,0.8391514068113725
166,1838.922918258478,40.37770845578518,27.540615402059284,1.6967623549064106,3.5144985351903317,0.9114695073678302
167,1895.978915244151,41.94889655434096,27.487609916596494,3.109474156710494,3.7633362778131403,0.9187880109945665
168,1852.9020400795905,40.82731925744548,27.581479361817337,2.8934529256493366,3.4471678848033176,0.7332865322998519
169,1895.6356999696643,42.96190302087567,26.621831007132847,1.6444576560476545,2.7790322264859517,0.6603113538470919
170,1900.0024156112465,43.607461288598174,28.015848653889027,3.9792990201948006,2.9390095917241372,0.44819625301181304
171,1913.437104292408,37.80756991281672,27.341441595901358,3.128339775581158,3.817357601156446,0.32520894556018193
172,1991.4682677836668,51.48801388004004,28.590972717825526,2.7786194983240473,2.482680406382456,0.2512442844139298
173,1994.1154617326315,42.03378311641476,30.565163792891294,2.5267474561793977,3.271364596137297,0.08541904815351214
174,1968.6953223334672,45.773745065424066,30.886191294860915,2.3924954329466943,3.449808391980371,0.19411783859490084
175,2073.269237626226,46.41903396688816,31.55121434036318,1.903339768748802,2.4055083590407644,0.3262979287400579
176,2051.028138364594,48.23815094163564,30.79224945240056,3.1041299326362273,2.4008800961554333,0.5428635754933359
177,2010.5287024462957,41.66984854763314,29.692114322990292,3.6150134685020943,2.7540830477765317,0.6590919919108174
178,2134.8116967272417,52.357239197441814,30.296077072659443,1.5960152937788448,2.4930366962078314,0.8617496838279722
179,2102.7492820373423,51.24720738542595,31.410090010320065,2.2219025078292747,3.3676778269575873,0.8499832111487708
180,2120.0269346760438,55.46792438006523,30.37221523373372,3.2771906823726678,2.5829217135823317,0.7613796125050472
181,2155.4193749053065,49.68048751069195,31.58886283693896,3.726021603888042,2.2408800463344845,0.8458546739931554
182,2166.540132596928,53.01764632073782,32.34161483419943,0.7070999533461151,3.091011507940458,0.6247343556295635
183,2238.025631202589,52.17121996277205,34.5461785642889,1.8670794774421413,1.9064713518224459,0.3181909491472872
184,2226.608585457432,48.18979195190968,32.156182100122095,2.7909352340781983,2.9795443716095122,0.21076187734442445
185,2235.439612386368,51.673265410316574,33.97035089904868,2.7647645553475284,3.521697425830878,0.10755533450304966
186,2268.6125276553926,50.37304995451177,33.17928525366632,2.1547311785157244,3.807870877119811,0.176433389474043
187,2342.1451025603574,51.91702483555283,34.62936155383838,1.361683647149254,3.3271821741255763,0.33992821713760357
188,2341.6470650758433,54.2916465057836,34.58946821609714,3.6027233709807516,2.757661470439932,0.46181714586013717
189,2360.150808893997,54.19235634253285,36.07809795404182,2.7957994424012487,2.9862364447527354,0.678051708212237
190,2354.444088150794,57.749095825601394,36.11282766006221,3.267879191815478,3.3961051531284627,0.6883614441205541
191,2394.7348038740956,56.37393048912613,37.8114709796991,0.565609934653146,2.0924372410963703,0.8727322182197601
192,2478.3100561631873,56.0138788454872,35.979727810020215,1.8644793007272833,2.3345416544072988,0.8697730829459542
193,2383.8875179464117,50.36164106441855,36.13643303113763,1.7285231076239456,2.5347294078377502,0.8465822912809908
194,2401.0201631753703,65.68107135006,35.96772141804605,0.7960918921579807,2.485638709277141,0.6006807517179825
195,2532.666113454438,56.28935568104759,37.56931676701357,1.780430086840982,2.9225740890499097,0.4781036878472765
196,2509.027397741457,62.478437187398654,37.966906912760955,2.6891473840596873,2.0114963064930143,0.36857649530842324
197,2519.1489951188746,60.95899330104793,39.394195743234,1.1298848300068403,2.717225327762695,0.185753810985852
198,2568.9791376664175,52.63115064797634,38.505598355294914,2.1861957151452263,2.6647037615452476,0.17826648686447052
199,2542.050687720877,61.45121918520237,40.39636689558092,2.248382092415522,3.925862377179822,0.22546142072477593
200,2572.4405639290903,58.70226017070529,39.59471792782869,2.5585897885982534,3.3815437823693553,0.3480036484309096
201,2614.0176119954444,62.55495550510966,37.489985727847554,3.5533629504658073,3.8245251198447807,0.4849000528679272
202,2602.6436146223296,61.554177769221084,38.75007774755217,2.944953783043841,3.2942051540549637,0.6088564669810145
203,2652.97417376848,63.9081236445549,40.55773272312935,2.9162769723764823,2.641493165089967,0.8138111018735801
204,2722.3527707823223,62.36389834345708,40.44519824439485,2.2208559450758067,2.986999980342454,0.8414221556735388
205,2710.76201347624,65.22278306768496,41.97374285470827,5.155790717280192,3.159813386777883,0.7867713616266495
206,2742.230322140025,66.30614956874389,38.966596465103,3.649848007328673,2.5527985377361357,0.6536711150487076
207,2790.968799040935,64.99359947472571,42.4968564801163,3.2982308580874085,3.089232915743519,0.6024069794285682
208,2765.2350551588584,65.54301859633956,41.86103132654603,3.6663039016910055,3.3478816115538192,0.3073131817931308
209,2753.3555550050532,70.38585883765896,42.46270169497128,1.6840832953737181,2.8651312824639112,0.21678871067516864
210,2840.741055857411,69.1861578534292,42.859099863712544,0.3242144268760694,2.342058783726843,0.253791191156366
211,2802.235186289463,72.28547748736388,42.44104293679015,1.6087298779960713,2.867073887471525,0.1620604390518219
212,2805.2347555027795,68.10580212640379,41.71953071359885,1.6040130670466537,3.7209564455618604,0.22637316962351406
213,2867.283095100565,64.63322802700661,43.14837639529969,2.540274924564222,2.963338650496113,0.4912046449235399
214,2926.343057287804,72.95370993035377,43.420569878381365,1.1296460609948298,2.6947710299488388,0.6087374342434669
215,2933.788275665842,65.9201533553586,44.21981637787143,1.632871689938281,4.162418270845619,0.75444158841552
216,3019.135353455281,71.8197486856579,43.533561889425734,2.057919656303043,3.0473247322857713,0.8233816150570782
217,2921.4017767837827,72.11326240478822,44.30310665527369,1.5810452917812383,3.115158946949503,0.8143361744610194
218,3007.0244365716317,68.17433564235684,44.076861574378086,1.9965235381711481,4.039357675355529,0.6653105554445675
219,3073.545821159597,74.1001851982762,46.10452824539224,3.0649577252947884,2.407889692005158,0.6971497885835621
220,3025.273729490245,73.91795972026027,43.26504451986559,3.975429406297491,3.1162089761163125,0.4419485216305226
221,3095.71156789242,75.57101217376206,47.80968468530851,2.762361537852428,2.927204838187694,0.4330944295180397
222,3115.0461952723717,77.9359456752365,46.12757738590057,1.510897966107361,2.807043470566659,0.21078588931147133
223,3097.781854494738,77.61366667277301,48.10072016535243,-0.02496368804610727,2.594868851704849,0.13272331222913977
224,3185.501064528221,71.79052546841564,45.63608345619242,3.1666059770410087,2.9170993848904994,0.12418706695093402
225,3151.819665049336,72.9294163779734,47.53355015437386,1.792025774674386,2.611862407636627,0.27212286911789035
226,3229.3200574526945,76.35844132879978,49.2464888807557,2.481488549330685,3.174863920586469,0.45088941238467917
227,3217.9090269975864,79.92814899424063,46.24281773235261,4.404312269201216,3.108256876458291,0.6806369546882509
228,3273.5552240520433,77.58884641037092,47.86683215796328,0.513130622078565,3.278408599038825,0.7443175430920815
229,3264.045374357486,80.0495576052552,48.22726708868074,0.8560179619007364,2.9904329269819203,0.8196906145824525
230,3297.8038054012472,77.3871313023437,48.52061633973931,2.5920834544273297,2.744187092170516,0.8385372140771682
231,3294.907198541741,81.76623036457713,49.513366946836314,0.680990532652024,2.869457987414884,0.7789052190694924
232,3351.0440889792376,76.3254237498679,49.133472899854,0.8017809514553453,3.3901166956624706,0.5109833520117771
233,3334.468995996146,82.77853540390218,49.398815433258584,1.35270880023026,2.704055378069881,0.435661832996553
234,3354.6959826095126,82.12882051756823,51.280001959949395,2.7368885147656656,3.3316936671364124,0.221375954997314
235,3428.4785063461245,83.2919442466833,51.35991538756629,2.954802541445204,3.049400925328503,0.20136139197057007
236,3401.360612961761,82.54825730036121,50.856396995044456,2.459531164796133,4.122785716336099,0.157194614162275
237,3462.047731025257,89.86891774409162,52.87255223628464,0.7984951121863135,3.568448893432114,0.3497612514981124
238,3474.053695957657,86.73456507881014,52.476547497248674,1.2744464128817667,3.8040944547717013,0.38777130727080417
239,3495.176436547044,87.71005265816109,52.91891680588733,1.4036875752940254,1.8661894905845913,0.5768830520183679
240,2410.465719370696,43.11750515690053,18.693875976416543,-0.03514619115109019,1.3298924735384177,0.7693771679972922
241,2405.02428453027,47.125023700796945,18.48006395522572,-0.2105537051833426,1.5179430891893115,0.7669804255933358
242,2367.1648495084405,46.632751963483834,19.494223936785996,2.5238363254994174,0.8380404594591908,0.875930960892574
243,2411.480563473969,41.4907116150514,18.114350787767872,0.6222335951902334,1.7215841241802599,0.8559111456029134
244,2344.3296245001734,45.14486558228633,17.826870175169528,2.52083763293082,1.5795935812229036,0.6684208148215229
245,2337.2180265288534,45.71538052623198,17.342078580328273,0.10494528965266664,1.032302647162664,0.4990233754773431
246,2370.181897384311,45.70944899613428,18.654680244508903,1.4984339946348677,1.4053600312147756,0.39673825564823373
247,2337.8242950139647,59.005313272311675,18.652777266430384,-0.21157438470620749,2.213774181050903,0.15221096015469987
248,2433.528245518399,43.119829060535906,16.897941057960015,0.19981637382680967,2.26340942256231,0.17956603680632952
249,2395.4119320066284,55.56159508966952,17.71411434464827,-1.063423007002346,2.7754887035766496,0.19196337022013824
250,2450.6534070841876,53.997907805157766,19.079388274525666,-0.6727457546872813,0.6852838663718587,0.29930223945319107
251,2351.812330760797,40.1398469812261,19.431698863012638,-0.1624881164391746,1.5662314731347917,0.4426808186490903
252,2470.031994452777,44.61155216243242,18.279194812797517,1.2336691729472218,1.1826778717236863,0.6827738245595161
253,2386.055610930258,47.12382525235097,18.697745289863473,0.3569475800384384,1.1616513588227877,0.7863701269209775
254,2410.0935246619565,49.3184468680122,17.97389626867125,1.826143226236676,2.2522561234011365,0.8713987959654013
255,2329.205951288075,45.109486443303844,17.75277292153625,-0.08856828866798572,1.4711656014641543,0.79942152103396
256,2434.5201015994617,43.94469694702576,18.803433301556588,0.8305911626955158,1.6651357698710154,0.7800607536554761
257,2349.6573889838473,47.8003078038462,17.468862852867616,0.6226279562220665,1.242166377966144,0.5784871423853959
258,2322.2190136881422,45.470756928752934,18.55937815891728,-2.0685993752811247,0.7853375742472285,0.3713469618415618
259,2383.492576601804,38.201535685629466,20.4869012296,0.5545429927155502,1.3769700800377527,0.3228227969484011
260,2421.7316408170364,42.978799858406816,18.99352698242158,-0.3409323098404031,1.2798944018326028,0.19869264146084853
261,2367.9161000032914,42.04972721644868,18.409484566709338,2.1937487024778903,1.9976264449826635,0.10190382014729066
262,2408.4670390121037,42.06778584089323,16.761700236021642,0.4769969439366861,1.2480064140401494,0.23565396692185525
263,2393.665015091025,43.40801083740455,19.187560314305067,-0.9495773599992099,1.8393256158987348,0.39400104265525915
264,2424.977506420609,45.448542306224525,19.997633213042292,0.011737219806382981,2.3635335805674256,0.5260688156197153
265,2384.4084680226815,44.50669577040893,17.721076426645727,0.05519151333038752,1.6869746139777693,0.6121938015396686
266,2450.3121591612708,43.73151110569621,18.320831848383353,0.8092025787368629,1.5667375677237017,0.8109514149601381
267,2469.424096642524,48.336608547640935,17.104713465949814,-0.6390007718686732,1.208434672438273,0.8386036500683091
268,2459.8618131458124,48.83697849047626,17.62042715637497,2.4035566666223893,1.096245144192448,0.8848651463665295
269,2395.5249516857702,44.60523314713074,17.342764507447114,0.23294645580307033,1.5096338474054158,0.6964091957224791
270,2401.4982170101557,42.283582647598855,18.873273439336835,-0.9160161925130348,0.9004999006959677,0.542672571016555
271,2358.484829703001,45.00564913507244,18.78558178204482,-1.1487569577935757,1.7466065571284415,0.25720643175172003
272,2385.020874210408,51.73957965236733,18.567370351313627,0.1981765119807779,1.8329086111164121,0.21949650288828365
273,2433.7040826266166,48.019681369133366,17.858232523818565,-0.5840770184974433,1.0458741562589833,0.16828808063581563
274,2403.160539459695,44.25848559643363,18.541706187911768,0.734556947725122,2.4123662637777636,0.1846870651071729
275,2421.4789622992594,43.7369053354789,17.90382884682407,0.9943561007896722,0.42431522956527923,0.2442716883841343
276,2399.291360138269,39.100872703389655,17.81672628186687,-0.8885045760471666,1.1957787140418494,0.40079734673271195
277,2408.3327943398754,44.454868099509426,18.69467639873936,1.3515751497440125,0.570899031682129,0.5515740572625863
278,2396.083676972974,38.05332499496798,17.885455159636173,1.6992002704250568,1.9619865670422534,0.7451985308786806
279,2378.5190550461525,43.88649753516107,18.320251763973967,-0.9881502683644954,1.4289979309777763,0.8070078469800148
280,2377.914529287196,45.54437907823091,17.458508293751013,-0.5791781973874435,0.9026437716089448,0.8563877671952485
281,2429.921506263721,40.241034015730214,18.287847725750623,1.0573754013348187,1.5143749211840998,0.7836570308906392
282,2393.263088023217,43.153746087546104,17.881263590190482,0.1889146189217496,1.3669674032746335,0.5934577814896059
283,2397.545231516312,44.82550265780085,17.927968361928254,0.9322323270102525,1.1532170515925189,0.5031703489836202
284,2501.743557140296,48.14782040519081,16.57359880203681,-0.7848274685051457,2.4896960510792967,0.3476191438022638
285,2355.161577220986,42.49241690501527,19.37228917509271,-0.008051138604047048,1.4731001748924197,0.17127472836301746
286,2419.1791941302145,48.523246168807084,18.3739607046703,1.6830772703711372,2.22933291125832,0.16580909537607988
287,2364.552195481108,48.21722559105009,18.08481996488898,2.002553125635208,2.1694675733285904,0.1978061597560165
288,2366.5706523302074,49.31002760725987,18.55803176146936,0.6638253159193946,1.3479545819465217,0.37193824960166
289,2349.522167217271,49.0455681003309,18.446843508482345,-0.5489016769208495,1.000344847337042,0.5439418104367232
290,2413.2402502446635,43.86193553503299,17.435438597574144,1.3588418940047002,1.093211834201991,0.6913317422379157
291,2358.6761006180704,45.99157529196763,18.38557062290245,1.0937103560476964,1.5035879211964185,0.7586133670640601
292,2431.129518728897,50.43790627995492,17.52463769968916,1.4914261700634597,2.1621037940979213,0.8906548000275687
293,2375.9002216355216,44.957048333129514,18.963383363463375,0.7693276618412469,1.0943541114012247,0.7741692010949007
294,2369.8453601870397,39.44142285778062,18.612687433356964,-0.11371870486275482,2.889514280537763,0.7716236105384784
295,2379.1149694995693,50.71808702448163,17.35431913639092,-0.012351212025413116,0.7589151500771659,0.5241029634789991
296,2425.4083624813134,46.3972867215514,16.94748916831132,1.5065521317136092,1.9167948909299597,0.3411379565675064
297,2366.7423379880456,42.261874579627055,18.734374378335275,1.4181373714309486,1.7533477744390025,0.1998463616864701
298,2436.031390702201,46.24641165447631,19.894738187061918,0.6020574953291519,2.594796581360972,0.1502535722243455
299,2420.162138161679,41.5244934458986,18.261362341965476,0.31268449826993083,0.590938002878141,0.18457348594480055
300,2419.589177826611,48.70277927618372,18.277941497927323,0.36538310441221844,2.118730455655519,0.25052812186960643
301,2378.069816857637,45.28081267760064,18.45405228630863,0.49206131824564187,2.3601306334674055,0.4303629770895212
302,2355.027980195041,49.51625157843347,19.470364918571708,-1.3188158264046101,2.1906373655359195,0.5035743249656912
303,2381.1373752487925,38.99307502046795,18.91074907682365,1.1156196951350184,1.2204457491652583,0.7070417698738009
304,2374.477135471961,46.869056905613824,19.492283798481832,2.7560781570615807,1.7606933145318235,0.8153291741891755
305,2389.1297693951938,40.679929074789406,18.541413561651908,2.219878837030977,1.5555308111578607,0.8279474663681734
306,2345.3314956637946,51.66325507889158,18.48258676078342,3.2523103007866387,0.9356656990155804,0.7973867065315756
307,2388.4248157358456,46.4383048300111,18.29492144698963,1.492943896237517,2.186029713530528,0.6740822445883455
308,2410.4328026054704,49.905935947475434,20.30447031326021,0.4198081404381492,1.318859485800433,0.5311973838838963
309,2403.195695906565,43.15189745210021,18.702602577207216,-0.08066360466297962,1.5858248843408385,0.28976638423762924
310,2426.295391365571,40.679897319322336,18.43252141677073,1.5696491862389035,2.2423726413281653,0.16810588569127846
311,2406.0913053834583,40.22575252981357,18.827992967550955,-0.04933442121781695,1.179210694397699,0.21127582920373297
312,2428.1084014202556,43.78129908055947,17.502949208462567,0.680912828507219,1.4490092428109786,0.17764792112405475
313,2352.8613418207756,43.183707134857045,18.550163189939177,1.32251499886501,2.373375477353699,0.3640015043052385
314,2398.7644330940884,44.859286966219564,19.770467988843045,0.5260989361834034,1.7233607176489265,0.5370424549162698
315,2393.894182732428,45.62781427678587,17.813188061929118,0.28830741890233924,1.8386715315181945,0.6322490895180104
316,2312.68537134588,49.98088029644131,18.634888333786876,-1.6951231826491533,1.5776089946716232,0.7501316966865795
317,2334.080414509165,39.8892886856165,19.61433951832297,1.3643359374341584,1.5095399767260165,0.9145558655528478
318,2434.419967233718,36.9429107944736,17.48476690874707,0.23018629519671802,1.4782710809400696,0.8163891897291866
319,2361.615721765975,39.12126257277599,18.733388472536184,1.3570810994321347,2.3326171373814426,0.7183658879931399
320,2376.2511175727327,49.46813862461978,19.06121772037934,0.8790469387763159,1.4272511009779123,0.5946045984228457
321,2386.8608420113046,44.82409379302551,18.56194103536796,0.6109787042674206,1.8747453473247853,0.48531092436868273
322,2398.9368092264276,45.43553668100221,18.027534254379926,1.4154748648035012,2.021719637043613,0.22898225120542107
323,2390.1448805464165,44.34866471190526,19.060524566956033,0.0764788035330557,2.052499674086313,0.13074477440656584
324,2411.273293408497,43.934505517794946,17.82595113193698,1.1815993444089232,1.0727950381811788,0.17893102356094293
325,2343.8240896806406,42.29897249628807,18.34262853456083,1.0482656468406515,1.6576507704442602,0.21492317732663035
326,2426.0027441877414,51.85913397610425,19.965141367283778,-0.3287369394016745,1.6524690464357736,0.3471162840721373
327,2373.234333697586,45.3556020266053,17.632968567483925,-0.4664908089389388,1.7773372536386485,0.5539656550435295
328,2423.1786361016384,46.07378780185949,18.583992128321167,0.019565903067793433,1.3010925206168995,0.7167456738443212
329,2348.6719330553346,43.58156609184537,18.798946882511107,0.8323583975344234,0.854029336903803,0.8922018137893829
330,2462.2911644316687,38.08110003375357,17.37397360223779,1.2100383953433953,1.362309682421374,0.856407851289778
331,2476.467213525535,47.338507532935864,18.681926242713605,1.136663429658558,1.0745270973533034,0.7545442428486323
332,2389.19860019882,44.222736771532624,17.937071193676875,-0.0693920483837287,0.9424991793745886,0.6919215744188864
333,2488.733120926457,37.72752361262509,19.360975642289333,1.5447922272420596,1.558136896557988,0.4716739286381642
334,2376.926067926029,42.65239087717951,18.423707469949985,1.7614684143732202,1.8559092873728606,0.32820797950226416
335,2388.1035283799397,49.875120179730004,19.63770013421627,-0.21430303141570817,1.5287213039089027,0.2020131050698698
336,2454.9561718117207,45.818788949648734,18.427546923718733,-0.018159222740927072,0.6981173786194323,0.12554465291968464
337,2419.989502073013,49.24665781077515,19.018286603101288,0.2871048946678946,2.107813294661117,0.15502432839138522
338,2366.5342961639176,40.78841663812926,20.177213672905577,0.10149846103763976,2.4940028427257794,0.23294110665901113
339,2382.3998209453794,40.77643643006466,18.64336719277923,1.177032814093749,0.9766615763668324,0.47292653442403776
340,2360.8793132354936,46.22522388645196,19.408142545078498,3.305813753335166,1.551427036228485,0.7514379243564906
341,2384.3771416157283,50.443664320754095,20.046339485400186,2.534112844004902,1.305388547383881,0.7292895436921047
342,2358.997114309791,47.976270945528775,17.8297485700536,-0.5044722706679747,1.5801659535170554,0.7252571282529925
343,2402.1171377044025,46.3328225207042,18.037251359278656,1.7307007734959619,2.0110694861033442,0.7478561085045762
344,2411.758860378088,39.55704373906859,18.490237451577293,-0.521708998581637,1.7798365052630718,0.8713819318350746
345,2435.709102567579,44.946383868530106,18.58099599245087,0.9963892616435002,1.9145692208554748,0.6124073491917539
346,2427.590504276147,47.19679854636291,19.646817813176384,2.6591908532134974,1.0917176286366501,0.33528726043465273
347,2486.4403586312574,39.28638650018734,18.772971400943508,0.132587580972286,1.9701101508380345,0.2744662426553528
348,2384.9041980822176,46.49007526638379,17.871162750650793,1.821739196991168,1.2245164811224418,0.1546004820084246
349,2375.795748657912,46.126174578067136,19.17039208349925,0.5530426627936887,1.487419172855512,0.14307810953463243
350,2468.9761126741505,39.228451192517724,18.522946100412433,-1.4672482255569566,2.3004606481126815,0.1507652627755437
351,2447.772506018535,46.41374428725179,18.394506090106248,1.3176873351425344,1.2888395060358484,0.32728078946714545
352,2363.9103753564173,51.55075611583056,18.73282375854035,0.2939269962976684,1.4218077075959723,0.5722902892538285
353,2445.7798517630276,47.503721223639054,18.342029637401428,0.23824409651793688,1.0928494273228144,0.7024776795668227
354,2419.7299686268407,46.48853821853479,18.470560759986768,1.1509124262590227,1.9377950165367617,0.7855882199337048
355,2404.1710669055087,46.03527550286311,17.951668101166206,1.4628657928932638,1.405538937765736,0.8489367813702527
356,2400.976745062979,45.0564488483876,17.842059720617826,-0.46393967355237786,1.7384418921761258,0.8232192938902345
357,2333.519111500489,40.84276934203865,19.107335010381288,-1.219548762899217,1.8089836726427118,0.6686579671851897
358,2368.199701731479,52.261092813425776,18.44450772953146,1.0115649245838116,0.5562895749973779,0.49525566060667253
359,2391.555453200987,49.573483138221,18.224677145467098,0.27234511864814387,1.0836666327805793,0.3406621655300741
360,2362.6461570958954,45.48161108214203,17.535946028494173,0.2538909925364794,1.506106771615025,0.2989855208089004
361,2386.0114527659166,45.37378739810445,19.253980246114114,-0.21647986676708808,1.2741304289533983,0.12452991732468657
362,2335.9037955084677,42.065186308794566,18.880924443997404,-0.3829225153951955,1.2353318953570063,0.27620837971055856
363,2380.0564213156044,46.289484328340954,18.01315693569615,0.4395502925667639,1.5867594634500752,0.33023854366312294
364,2390.7064051173656,47.18390528694028,18.998147258968384,0.8494039760914567,2.026366921946859,0.36114000731305895
365,2379.1725749603183,42.08808364564378,17.72043270012067,2.298683486157375,1.1196171448734022,0.6628690472463611
366,2325.885571385103,43.42199248324002,18.093203844806254,-0.06263426381024806,1.7133134667785364,0.7112006349316021
367,2354.0316370911514,37.70725838895913,17.58493035961695,-0.5418845275020592,1.114996318974074,0.8117349113772603
368,2410.773962471269,44.74163013345153,18.38998572646929,-0.7339672823727528,1.557967226875388,0.7961083708058511
369,2431.6922586299693,42.245066062942946,19.3220984504448,0.5283553659389568,2.280997561437071,0.7557476764526385
370,2325.39326853807,35.87952803063316,18.815284935850713,1.632606749980742,1.074917044688342,0.6369704261121542
371,2355.52920600782,41.891757462482104,19.8205530686082,0.020414998326277745,0.9206479272579128,0.4931571276397653
372,2427.993521849205,43.93715094528667,17.958302472168388,0.5842909665793449,1.9676660248154985,0.21216337217135414
373,2414.382951581589,44.944455707500076,19.050358823953786,-1.3057065828235108,0.8957035720939408,0.1272916251806648
374,2475.607000218122,47.782103105774425,19.513891740845427,1.3331247874494778,1.5692938143288466,0.08525756511828565
375,2343.6078362892554,48.08814040205462,19.053983166598176,-0.07995591274232816,1.1639562393510907,0.13482613801777582
376,2332.859325041324,45.01006764194399,17.468980540620436,0.7401045865773692,2.1683894226109004,0.3463242417930237
377,2374.943220370586,38.15811702191751,18.47198811427964,0.26741224760927523,1.6374102337310388,0.5726241964449906
378,2375.72590711143,33.759563637058804,18.222458137221093,1.5012828695780696,1.0138448070577528,0.6653566320949006
379,2350.422111850487,46.95386714384645,19.03064859348062,-0.5547735190650243,1.948933960327596,0.769204479379691
380,2375.371726805956,42.63811577697935,18.279114885748967,-0.12537506357066108,1.7932545173670937,0.8128784223372627
381,2401.0375076893342,34.70598366134517,19.14702309807887,0.7392087485826427,1.4701788846151216,0.8225478593207499
382,2398.8465546372863,49.87703244003188,18.47420789472709,-0.15449315782769502,1.6091565947479254,0.7020528118130168
383,2413.91428485926,46.30666874806237,18.946156253691665,-0.3140607210349301,2.0698838546099863,0.47053676040818737
384,2377.8532055439105,50.559222631774446,18.34408199060587,2.0272358402024695,0.5244357861475196,0.32473356212158033
385,2421.060433792826,51.62613363876448,18.86416855859145,-0.49067218467521423,0.6710908449368624,0.1927888020682999
386,2450.3481659714926,48.753639051092286,18.714520538161565,0.2563693584100568,1.9117557194281918,0.19227491293345536
387,2338.3205497262416,50.63720230334728,19.016378311349335,0.8796748315896514,1.652564549115397,0.17541513289176236
388,2451.1499557140764,40.66244087735735,17.994449493643344,0.018813177383993185,1.800822493685379,0.14232877427279372
389,2390.0329561639887,38.81827337075352,18.55144709235749,-0.01909209298213599,1.7462788329490966,0.3750496705376327
390,2358.634633535254,42.24893013587946,18.206707983021207,-0.4199422482538242,1.210869266179318,0.574286596338828
391,2317.1981538070654,56.39212060049776,18.347847623987448,1.8422511118401061,1.4777743981088136,0.8420568488475916
392,2403.9721710069266,47.434213424750155,17.489486017289142,-0.3896117435887735,1.4637987042432916,0.8410792821226277
393,2400.153747031736,38.333211034608624,18.185227773995653,1.1271097003533854,0.8695930293878475,0.859516028598878
394,2313.7951039943505,48.84065503109122,18.24911287942188,1.0494501100723852,2.2588147154014018,0.8117358897894537
395,2404.414236846165,39.328612972333886,17.921794233489443,0.29847424371526615,1.8557328865762235,0.6032859831620287
396,2408.3666543505997,41.19314984458761,19.508545555583567,0.8853793692458881,2.0595410522674547,0.4991573188201667
397,2400.3585451737445,34.96307949959262,18.403476949975524,-0.39298841183114264,1.2360254067629637,0.38235742448732907
398,2350.4818204458184,42.23333237037383,19.906882712718136,-0.7310000120486073,1.5910202924508272,0.25393836607589343
399,2436.7961783137566,42.80693008309734,16.569381276615527,0.4041714096029841,0.6024847234958051,0.09410787964707765
400,2471.384274555593,44.77386668329072,18.727588586087528,1.5498911699036488,1.5006495341661694,0.12353089658181994
401,2424.4617434916568,46.95134787161273,19.4878312437788,0.9103169544677162,2.3100746139099013,0.31997302330374994
402,2478.373325071097,43.67422221617923,19.324739892699537,-0.9830103481432975,1.6295031777048072,0.5677129170553956
403,2406.1740541795493,44.42906436352172,18.08515173850348,1.7326777165575848,2.6863250355538355,0.7178902847171214
404,2492.6536801804286,51.11597208822534,18.119647811277343,-1.1942598213677236,1.9571627974577275,0.8168088772511378
405,2446.3857321798137,45.722066311664534,18.90241094377867,-0.6813008395504889,1.4793391633127726,0.837358938917703
406,2401.738505948258,42.77787154022225,19.248347883699896,0.9650844790190701,1.728731281704842,0.8118318771776868
407,2382.1161577348803,41.07918586286325,18.20115859304751,1.3059063003310447,1.584123449197715,0.7587382014691562
408,2372.956770675858,46.08040277551029,18.485322392004157,-1.30935579583308,2.373012489753575,0.5125835080062937
409,2424.107627246014,39.64115393823831,17.05292790920638,2.117225072397794,1.023359009807633,0.40846334759329317
410,2318.372928924099,43.75999627157934,17.587843602531784,-0.3540086403124749,1.2657207923163858,0.2976109500362746
411,2418.397058877033,42.663750879198886,18.029997084428313,2.0664040041819596,1.1996376713594894,0.11649351057396228
412,2378.506698469042,53.92872017562545,18.685977234320386,0.6043119717940028,1.2985721051861348,0.18209997621048718
413,2370.0200978915477,42.59717056836191,18.472280409744037,0.8770820163715329,1.6975611632088463,0.2818796254208722
414,2393.2424094734215,45.343705552146574,18.77632457919054,0.674912291626024,1.8263322834998872,0.3238595363462406
415,2425.186518526021,45.001431247217994,18.57505265838985,1.1396859847660958,1.8987979520522682,0.5604521738157205
416,2352.534004286093,40.43389579663072,18.61807366999415,0.9796199774945108,0.9320238795603625,0.7330873182997701
417,2396.455419282591,43.715284685903754,18.22275062047482,0.02055318117441518,1.7315232561940033,0.7805102107659896
418,2430.631365959824,47.00846956977644,17.888301108412012,0.41716910747042024,3.295596823316749,0.8249081720579983
419,2430.070513850231,46.01993306180114,18.908455809952315,-0.17063878210549155,1.3156128541054108,0.7969386363473212
420,2353.682595819035,44.43897847205873,17.508555986196107,-0.3855170699455601,0.8819667501801077,0.6532485041793985
421,2344.88804268069,52.892605247553774,17.85715625374202,0.29110203244043653,2.146484527508915,0.4409560097613803
422,2418.5567018605475,50.05953596088978,18.145925631704326,0.6496449654202799,2.4475672299418383,0.2908229275098357
423,2410.968968696027,46.181210438557365,19.228084871265636,0.7401631953931715,2.0553153777856252,0.228987870167565
424,2375.5126219473736,52.05697582508786,19.053199630018355,1.2125212988007923,1.917863201395435,0.21434250553528192
425,2417.5454348122876,47.74871888462653,19.07250855963253,2.051013779539298,0.7129457180841778,0.2312381875930877
426,2383.886594273584,41.613601736776324,18.57476823655444,1.3562088528236,2.4480524634987124,0.2508314453710839
427,2374.1293820426013,40.17456805363945,17.757967319797558,0.9024908062267151,2.5608182614973294,0.4437764786707134
428,2468.177596130348,41.721859881638274,18.834851109487992,0.22863179813749468,1.9457133750432178,0.6737526497732551
429,2376.646008754211,45.80210540084069,17.445667333929737,-1.315937601074748,1.621094212176688,0.7752752384504494
430,2413.8775798550796,43.5798014977747,19.90051250708165,-0.3851822486968991,0.6386375170343744,0.9039151777462874
431,2399.6118564078433,46.10377073464327,19.2090151320373,-0.01896327254737762,0.7650633137525279,0.8852376314575774
432,2360.0516939991185,42.04884829821409,17.07669525706157,1.0329800794089987,2.172288102154762,0.7208581926022674
433,2450.124653061475,45.824994449972465,18.647586809326167,0.9629972856716958,0.9072780009297782,0.6250537326551218
434,2433.660904364183,41.71788068073322,19.73328825635579,0.11187210942169434,1.090366000949969,0.5237498689318322
435,2473.701953383556,40.13119763431962,18.97292902587802,2.136847719666796,1.5616448524095514,0.25201565321392483
436,2405.462990895275,38.85632673928578,17.97251744497946,0.4540620694254181,1.8717099058527025,0.22944179899991485
437,2417.059437374159,50.78687373273327,19.274226693766018,-0.8013813546590682,1.0833865852679128,0.1425333603501589
438,2326.0665755588766,49.02605538681408,17.709649183943874,1.0041392225202972,1.502497580541274,0.2229466843257959
439,2396.147441010665,45.797966746578524,18.836749266369463,1.1878577907562584,1.1245574657442632,0.3749847192102842
440,2440.979523026069,38.922711174369724,20.257034580538125,0.916840516484156,0.8888011990645729,0.5005113545860365
441,2429.820308173359,44.40421688232519,18.193315114630902,-0.06313787408360405,2.1463808411799294,0.6586879756230305
442,2403.8122365606214,38.203563218488014,18.891439263077842,0.022121555267384962,1.9763831891619277,0.8321030583490417
443,2337.8134393780906,51.60863204030455,18.76652119045923,-0.5476617400292556,1.766959051297517,0.8561134172025571
444,2333.828716485216,50.80561279348472,18.346191781205924,1.661698530430484,1.6126946240665196,0.7553633460724948
445,2364.427680114025,43.67682406455254,19.045118741156788,0.8804973398597196,1.2668552473191332,0.6626891937207455
446,2397.1228759183214,47.07701288514627,17.261680809400467,0.5181804886526523,0.8201216314156609,0.5450798765117132
447,2397.36423881647,48.532168283689224,17.981625043769057,1.6665848153751963,1.7798647371997565,0.3332817367777217
448,2381.8382401486015,44.95346167486832,20.429171447227706,1.269150811555465,1.576144062931797,0.21597614426654968
449,2400.896472916713,40.63707298517057,19.520406221012127,0.025850821372005284,1.1507267901989526,0.12994495745593743
450,2394.7505554772697,46.43030562031428,18.793045576810382,0.32194187912200534,1.8755476407778708,0.12532251142344603
451,2405.863498117213,46.14485275578,19.043111846183596,0.7215099545674183,2.3705722949076007,0.2741893151044601
452,2359.084219591791,36.78345776182404,19.89434847439509,0.2476887724695115,1.3985458103053854,0.3598370057574353
453,2437.6231315096747,38.77904798042166,18.692506581473104,-0.5385361027758657,1.063677742169729,0.6516831169292914
454,2378.9639691315597,39.13399754354116,18.88136085382286,1.1114651575508105,1.9345230723996314,0.7674562788645768
455,2437.2976594833103,36.651118986692566,17.419370085091913,-0.1901284127876809,1.192670232381628,0.8114342725915892
456,2411.3331198855203,43.81007657208997,18.692400749619928,0.5175029833808193,1.9973445702433896,0.8285850315667654
457,2431.6296258481393,38.721160802226436,17.201492015227267,0.22605139991875955,0.6021834535443255,0.6843293917976978
458,2432.8346965339833,42.16249269078849,17.915893764124824,-0.1673948098549849,0.9356635411918044,0.5708806831003538
459,2380.5382916471285,35.00805526505998,18.86821099590334,-0.09635778570482123,1.6230342929787311,0.5103841074529606
460,2441.915751070561,45.28036825406825,18.868848602500186,0.3128815938070344,1.9382688123644836,0.16305364748359494
461,2400.0844995957073,50.01009029794471,17.76391852162093,-0.4107885667271439,1.495214424073681,0.24147603125846923
462,2360.4506058238458,46.07614247995276,16.471079641094285,0.7997279580042715,1.47406424516059,0.2342492519642339
463,2404.732297302583,41.78821528672921,18.218928123162634,1.4798495109717418,0.9275176433227247,0.20329519997081294
464,2419.1851346429517,41.10372578246337,18.63818516156601,-0.40301125764618295,1.3139574777065042,0.3692837253548195
465,2430.9210412713705,44.507429049477025,18.615380911327897,0.6017009342472197,0.4366595468926677,0.4533633326464603
466,2440.349128177544,54.92318744451151,18.151150919240447,0.06967643481569957,2.513582505104516,0.6217623586624067
467,2351.312888525272,42.658939882099865,16.944760992524273,-1.182634956831567,1.9314771071454346,0.8802521533770284
468,2380.689287565991,43.304649370743185,17.919939509284703,2.7958932908719234,2.031476741945726,0.8258460178007059
469,2472.021301907693,49.421552881223136,18.648341462975623,-0.48403954935283444,1.4944480655771097,0.7698138876505438
470,2422.1524894892154,39.492658428756286,18.522254981925993,1.1270500065660682,1.9206713366069041,0.7546624185405634
471,2416.50386625817,49.789851909331965,18.67407845149016,1.166562158187763,1.5731210275052714,0.4677956535995635
472,2396.3745506940236,40.234532182911956,17.13919243533818,0.7276644305940401,1.8786297957112996,0.37865814157859456
473,2395.556107327723,44.14747641006739,18.36212123471921,-1.0435653246926433,1.5158128895194967,0.24944817464520466
474,2390.1260548795863,44.74152096671431,18.766091753479568,1.8966409371685138,1.8634718377223953,0.22167560664081185
475,2480.3151746122053,45.19287809750262,16.597667362143078,0.43209128347114567,1.1719776427486694,0.17060822242012885
476,2420.5532440967645,47.2087644050296,19.799158276429754,0.1848160316048827,1.5463446343066107,0.29206232575847596
477,2417.698322281057,48.88777020017922,16.983127493968233,1.4691650203176931,1.2587558826992393,0.40382258829320616
478,2303.0419181143916,48.63314596205089,18.774216975800684,0.19008109210841828,0.25729692132781956,0.6578424796473332
479,2400.7808148054514,37.839799442587484,19.122067737616273,-1.125276166312165,1.516809597958291,0.7260800554243516
480,2377.366171986574,48.269439031678836,2.3285066313063876,7.828926272594729,13.877240077721199,0.8974661052750287
481,2396.336991209674,46.68866318406825,2.5566794194390097,10.830604846290312,13.100911480443479,0.7765201222684434
482,2383.664223959648,45.2739345008028,2.337575149376462,8.417339254042897,13.364925189899239,0.7551736775397425
483,2359.825815633922,44.977307878426835,2.4800243785854112,8.276499275388343,13.401008994237605,0.6525072428564889
484,2357.053446134138,42.11616385344335,2.4603447338600883,10.522989891261904,12.992726383434295,0.4865578248350767
485,2339.2379523125937,45.810768468547224,2.6958215150689653,9.443498112621086,13.380131325189353,0.3243310799374631
486,2305.3992849637775,42.47448001580682,2.337765043983881,7.331570279052231,13.925884850259644,0.17428495353947387
487,2280.223531453075,41.89132376886898,2.465537127811883,8.342294917589816,12.483517903811471,0.20107936946295202
488,2286.8535343905346,46.98517213922412,2.8019681685809052,9.41898711815691,13.103680615500556,0.20546203841777896
489,2289.7577332774617,44.24756436173722,2.4372664892793807,11.094264958430678,13.096497769091123,0.28346644662780174
490,2270.613240761013,40.56545501191977,2.63025431672721,7.669150335036327,12.939387436434119,0.5422837252176116
491,2251.114911050927,39.03011774635614,2.411216493272222,8.468812332476649,13.705328690090857,0.6535632762453489
492,2247.1218080971307,43.27497171156462,2.6257295980786135,7.185538840404469,13.41661873638546,0.7540662894015582
493,2227.9309381639346,40.89874442202607,2.3310810901547834,8.691723664925131,13.56399062578323,0.8652400271576522
494,2218.7670615994584,43.02002921910813,2.3009542685969895,10.034120537837595,12.979608540432361,0.8542594556429696
495,2172.478412628843,41.89890011672094,2.848476739608766,9.557409144682113,13.542486605726465,0.6798875737377205
496,2179.822968879871,41.99078737062044,2.283792490135541,9.513619877507459,13.101965332932087,0.5454618294235876
497,2164.2174188889653,39.66201670110384,2.4569783461002004,9.282509404159201,12.559036818242017,0.42103586986623925
498,2155.5807748624075,38.150926794557805,2.3371017966169267,9.71393748559404,13.335797891424589,0.2614757021338358
499,2133.4601385386563,40.140211763462595,2.3031656079764975,9.303035776288592,12.899210561894453,0.07914366299458675
500,2134.6334249612114,36.69241530879643,2.8834470735456113,9.036728765151754,12.75675892077477,0.13901718850768038
501,2113.4378765359415,39.971189256209854,2.271853325918662,9.08756686245019,13.09179777071818,0.21319112581677171
502,2090.362645177293,39.283749709386996,2.4330826680002517,9.259378208131832,13.31024456278836,0.29964577653285746
503,2102.646493191885,38.91239683670416,2.792366429459158,10.041021060477293,12.977391256612943,0.5174044925382999
504,2041.398093003717,39.9412444899167,2.691746811228667,10.48166698636626,12.769094235584483,0.7298477712026208
505,2052.88150233008,37.49749326381935,2.5893635136337787,9.167410667227358,12.98812079054362,0.8341608543543204
506,2030.6027235277788,39.087454710078894,2.0706799303294834,10.561175304958818,13.295165100695266,0.892711784526345
507,2003.5210374996877,38.06529300250065,2.5255603006346896,8.696829668583424,13.286147088798423,0.8177478206028859
508,2021.5962062076646,38.27863563326132,2.6468259826410376,10.597292943699093,12.513906277271074,0.6340438848713078
509,2006.5206722678665,37.447428490676,2.596433776326572,11.070698986382926,14.002070415450413,0.5102255987434936
510,1984.3056496539639,38.2026505518638,2.5712941215873157,8.029786399775768,12.998755431559092,0.3748753907414756
511,1974.606630586526,35.786199477634334,2.415962337509544,6.443814080001674,13.177453708367391,0.25106623416085394
512,1925.4078885566726,32.257687272948374,2.8168813898396667,7.812044675379145,13.98362979030922,0.11631414565233819
513,1956.4177792004884,35.91183107860825,2.7275331926167525,8.829286289284171,13.0421348172726,0.16412944884047553
514,1933.6712783608848,36.422483561885784,2.5975916081974875,8.854259097000172,13.461911211688042,0.34156845188202994
515,1898.694546162945,36.44681019084165,2.353165758992902,9.79433493380959,13.118585947945828,0.4271754824990587
516,1867.4316224512772,39.31016998305508,2.288612356664024,8.310730207455244,13.01523920886823,0.6728073503773491
517,1890.3239570155574,36.89960395237597,2.3898837395017827,8.199631764919125,13.928283554434469,0.8049172721326602
518,1881.56772562091,36.328596795652814,2.3701225622945197,7.706661557572286,12.474579624264488,0.8348964550318198
519,1850.599142494972,34.852446968637416,2.4016611322852817,7.507448628272918,12.956415850336649,0.768030196656394
520,1850.168506480876,32.10244439746255,2.577335473281349,8.616142308995054,12.386663741125206,0.7066355888653411
521,1858.5247744480907,33.704068547702185,2.133943757887165,9.286607128601847,13.122300318058645,0.6132218358571025
522,1821.550543932643,34.60205019342388,2.655879827120626,8.456411088518415,13.87380513107059,0.39347919428476325
523,1778.8482319249952,34.381459331875575,2.226858297615856,11.355695650494823,12.090608580665137,0.24642504766310164
524,1809.1046790647524,35.60031574259448,2.8771429574092204,9.548795269160633,13.114288361040193,0.16449033332893837
525,1766.6045897604652,31.888271139391893,2.38018497452753,10.056112782830715,12.727557231905006,0.05
526,1759.5888882686402,33.79917139070067,2.729493130435059,8.501309766814648,13.235412387127862,0.29483165690678603
527,1710.1438784080499,31.658314063542264,2.653384804691357,9.750271607822077,14.11006770663035,0.29029995994409785
528,1733.1818753599152,34.20443862165149,2.350217642266401,10.918347958005018,13.365426130456113,0.5965869755316106
529,1692.9908755564938,35.213443882124274,2.6496932978636956,6.827354608036519,13.390328771752193,0.6224273534483011
530,1742.3471623741107,33.21744981908824,2.464444943041131,10.66080788243722,12.821554309936726,0.8342639604183135
531,1708.1393133684612,30.92558171562341,2.6008847095241014,8.822486509944195,13.243268268673582,0.9028555044475662
532,1698.6580182649075,31.56604177639202,2.255204354911206,8.437794407635076,12.815187824055325,0.8016605517738763
533,1651.6434933236706,28.771044654931767,2.4146783223234527,9.820847496590465,13.828715778468776,0.7057550476561509
534,1636.889480763424,33.89249865955243,2.916378611909079,11.19503428267279,13.33701478184597,0.46078615327542755
535,1654.1314856819947,26.215571780783655,2.561281441413931,8.132149076901147,13.517156308256629,0.28529736460575167
536,1632.1524038236423,31.185253846617695,2.5610036860649745,7.736671666217665,12.118037692464762,0.33491261602614175
537,1635.0578124204753,30.65331603086668,2.491294872259869,7.756458868280513,13.032526263341524,0.18112821470730373
538,1599.555204744446,30.65565681799052,2.334132041347269,7.875564206636786,13.401347674929239,0.19901788811405316
539,1587.0808380496758,28.74057174470475,2.4566884728554594,9.179909458615995,13.81463285819126,0.24838951942827536
540,1564.6655849780918,32.03004274622235,2.198526964802062,9.140742090732825,11.796411622619871,0.37222211733336225
541,1569.430307433139,25.186205279208025,2.710586388540982,5.1421504158093345,12.507051691592615,0.5668301565058022
542,1530.6378071524002,27.10453920557694,2.8840866775972938,8.37840852792941,13.801680143547197,0.7636087183733304
543,1542.2792538076844,30.633719215620246,2.3332156085661966,8.239410504064345,12.950224218436132,0.8224979801745574
544,1507.147990865401,27.402258028082365,2.3118597240330954,10.199144107759189,12.35077364077461,0.8411987211434792
545,1493.2918771014415,29.53973718012693,2.347420018512809,9.345609669705757,12.685414619759952,0.7169263954110136
546,1482.586176190767,28.681768163142973,2.4347015163231984,8.696579560920716,13.158540073061909,0.6452647864493667
547,1475.176243535795,29.157397743584184,2.719656639613216,8.199879078602848,14.140900591521486,0.36473570837563196
548,1462.043939309007,29.19341461719374,2.607278120961474,9.315333955081138,13.112126013564728,0.29531798050335417
549,1441.4547324347193,23.14540858203813,2.4758310792127953,8.96655708685536,12.690491848526817,0.18043300819798674
550,1410.663303306909,27.976160266442484,2.435514572463334,9.413639170611052,12.693260996654104,0.1650372185878305
551,1418.621896249333,27.89465869728875,2.3009499638861115,6.640977690660745,12.40435720412453,0.26421365992736745
552,1410.284030026738,27.856949605571863,2.4244900188611136,7.995442325278971,13.999346825163332,0.41601443498314783
553,1378.7923706247445,28.47644459961035,2.4800259038026327,10.08135126537682,13.16407488171029,0.5141915869968762
554,1402.045027492566,26.82357793135712,2.5851765951470904,8.100107271508891,13.144469782082018,0.6688493254580168
555,1338.5686698464215,26.460767724312618,2.604093265258823,8.873910750655005,12.813584128578844,0.7288120638905423
556,1335.3247216634727,27.891517340984297,2.698790419790217,9.282900494090365,13.316143307356736,0.8990226023750258
557,1358.2639655474009,29.43749918632692,2.7094510449406313,8.319166091865997,12.725866238652957,0.7294159971200918
558,1302.2473444170603,23.451883325448755,3.003130872547227,9.150007599610536,12.277318809324488,0.7699336703634593
559,1311.3476573924668,24.325188345581747,2.7071650701191152,8.343503223940118,13.85843393386836,0.5943482952679792
560,1278.8514888884836,22.913052710909596,2.3657468415728395,7.874330684189772,13.077997509153358,0.30934347676879487
561,1290.8325877366426,21.917083840613266,2.261950305067846,7.269319219765078,12.709110873090143,0.19453894951658493
562,1280.524709605006,23.448271584054968,2.581581956211647,11.610146575807935,12.98173687710643,0.10674417152615959
563,1246.7063666803,23.712539503219123,2.5493956766237234,7.094245560019933,12.80596421964574,0.200109840379248
564,1203.3766280388545,25.86108112098288,2.4680648909153406,7.831261274521013,14.164318359748972,0.2706261222048637
565,1194.7487723368554,25.77640699315045,2.44998882699354,8.26767650898868,12.337996750579025,0.485135176651907
566,1218.614823564094,21.34336006856329,2.5901455345418642,6.994774876603754,12.592568317761325,0.5336897949457567
567,1195.5817324753796,24.302706433383847,2.460540680157107,8.092050740566776,12.307885259465383,0.7444495286213169
568,1170.2480732712736,24.453887752693507,2.4366608784643082,10.462665990798055,12.392903528399003,0.7846865208202962
569,1141.7912243597787,23.771664905278282,2.652721619855125,8.743797560824543,12.894408079151953,0.8111997003282566
570,1150.0979162355898,24.33498408283438,2.571356270633479,7.594468801668759,13.107169801074406,0.7568190559249861
571,1157.3256016176247,23.053416563085833,2.5797733456216694,9.100998838941665,12.714755562716281,0.6584483058964945
572,1119.1800306779453,24.49627412302861,2.196739265702273,8.332289736327434,12.95847511693786,0.3933671798763133
573,1106.3435580722414,22.424895552319562,2.398815078690255,8.857696298705966,13.793880329472392,0.2728159392832401
574,1110.183728492723,21.04306594180787,2.2646220327949678,11.812107937071687,13.072521922501988,0.2555356775674442
575,1084.5903755990316,20.76256895200298,2.547906191685597,8.144597275181665,12.613007241434325,0.19270147102063584
576,1073.3699519058976,23.033090639081692,2.0988334578170305,8.278487683570997,13.49518153773754,0.13509361356935967
577,1051.1569703390828,18.51281185919045,2.57364791651979,9.682269556626364,13.51397614748937,0.24743162478263592
578,1057.6464501712212,19.891417702575513,2.594412806510868,9.678318801314623,13.036293922324171,0.4925376773817252
579,1008.5134804908297,19.421365203680605,2.7839662988381457,3.8945553655765286,13.307173718736454,0.6694331983068498
580,1035.8064063467746,17.143125899317454,2.4764297753435742,10.157386102893023,13.259130104166672,0.8078785529635607
581,985.3527361804275,15.615957334611997,2.439424978124431,8.0814624923825,13.696308183619053,0.8308527476758827
582,1000.4587966941101,18.57932061565154,2.2728691296631434,10.748265502197842,13.492723987256452,0.8594376615588708
583,967.2739110672687,18.85868396680278,2.4108256361557965,9.282563911165855,13.419886166065822,0.6706808535434475
584,949.2713502371729,21.081192581762494,2.478669293792938,7.397562216086946,12.39374630373587,0.47840604591359176
585,938.0369435392049,17.453305233093438,2.25622338642565,7.984656689546311,13.076360321034539,0.4241975966752425
586,930.065847581006,16.710596026152338,2.529858705595724,6.713488869668233,12.864706351673966,0.3161643565505331
587,913.9528456554929,16.749429418313213,2.5566739778702376,8.897103513470825,12.77400983149851,0.05
588,896.824083989954,21.60431252176171,2.611244163733738,7.210091856324551,13.220697765470709,0.17693429283440518
589,908.5699032725661,13.701292789426528,2.6598030867781364,7.701291916768534,13.51881117481061,0.2251827540878996
590,868.6362566902017,16.587341551096124,2.516955886426695,6.423367051519353,13.56400350202298,0.32375330577446265
591,857.9887004535652,21.749867994737507,2.8367575640957075,10.075374526127298,12.968723024039637,0.5617010302896555
592,853.8698928836105,18.7935843608265,2.426472166378284,9.624653251922252,12.855853431929674,0.7225239412141263
593,800.8729482109103,15.575456775594475,2.1060538129672794,7.377061782927177,12.115179566960897,0.95
594,808.1959534942424,16.21009468935583,2.435887604275721,11.430848667802431,13.443014754074834,0.8356527956265284
595,804.6681566080921,14.229594672275113,2.416297433203239,8.171757547327264,13.566588374528072,0.7409816013062804
596,790.7868179599376,15.159075549319613,2.6164139064443224,11.027570939227143,12.907685098090607,0.6287052124801045
597,764.087195367986,18.180993986682928,2.3807642902854242,10.597580589887755,12.654087792135005,0.3955020027593203
598,779.3731560386983,16.568907201632726,2.2831982294873265,10.526874032501343,12.312688518994365,0.4162510065923943
599,761.1673644026843,13.573013833420893,2.599720418764806,10.302800494759957,12.3360407664889,0.1631831629056973
