Timestamp_sec,Engine_RPM,Engine_Load_Pct,Mass_Air_Flow_g_s,Short_Term_Fuel_Trim_Pct,Long_Term_Fuel_Trim_Pct,O2_Front_Volts,O2_Rear_Volts
0,756.6699137149211,16.160818175849755,2.886531085279465,8.034953832933589,12.559916983696253,0.5138753889200898,0.7502299086946649
1,746.3574097901544,16.49643027835879,2.508365192608806,8.051673068802922,11.939455005217667,0.7850710111905225,0.7824078835961624
2,744.396262831484,15.840880674504776,2.6169368311320755,8.461468545857155,10.945009187840029,0.8531671541957555,0.741963986334551
3,761.9908510766279,16.022533288847324,2.4575580190177244,9.011790076180954,11.678735124197491,0.8775535501759605,0.6847502095173765
4,764.8404208019383,12.715388885886354,2.656665146906028,8.44944131652267,12.98362418038213,0.8592904531934521,0.7369772926381394
5,754.8364642226674,12.72445378496339,2.5376396078358754,8.464457661612052,12.437782805814132,0.7129949765851149,0.6644414071003725
6,754.7099124858947,12.824364574872785,2.266661338203612,8.167917173681673,12.501395938193564,0.49030759167299875,0.5772183330906032
7,761.2766741871668,12.781170156371353,2.5511852552925354,9.140020236653637,12.116291944965141,0.3854117923442709,0.5805337295159685
8,732.1791885781746,16.73984030764881,2.626540575268588,9.231157065505291,11.921108604587683,0.17070439951143948,0.5165637683851922
9,776.6454876164919,13.921646227275449,1.9728135454095321,9.796509809395701,12.293297068003406,0.05,0.5797482589558491
10,754.9465911026111,18.851700829327797,2.3130727268838878,8.779695700602929,11.476568933751158,0.20158461508988368,0.594314188406267
11,751.8760691247745,14.719658050450157,2.6068616829132356,6.758288043862505,11.252998374620939,0.23592902925446504,0.6584356727971771
12,753.7761192248928,14.252859461668791,2.5737789819926995,11.39154220755858,11.946127150894153,0.3939345864962325,0.6763837135988866
13,768.7402046550125,14.133808864680834,2.4948474511107865,7.187852786977122,11.731359208912407,0.5779046063009302,0.7965093801958091
14,771.4714415961963,16.939784996898062,2.412810609137479,8.381306866184575,12.01998698927732,0.7364839868631897,0.7851976890763377
15,745.4703790038704,12.817160523267711,2.575132591374147,8.403756931846136,11.47432533414917,0.9000721178310398,0.7704191738623418
16,744.3908098110086,18.239907864386943,2.265222174133075,7.891846812786922,12.758940145997995,0.9237577796726152,0.7474268999145361
17,745.5464738433317,15.547680642906755,2.6985948725046693,6.991143977415936,12.220653281407879,0.8143587464589194,0.6937899371078924
18,779.9794682310628,15.120496882176075,2.6334412711802444,10.684376074695166,12.170573720438908,0.7057480124842037,0.5781052456403235
19,735.8245360499557,14.925893558475373,2.8290532240726343,8.290410906841913,11.032280272381996,0.40940818534533635,0.5699992417467264
20,753.6906898466327,16.765829459537862,2.3063334071700616,6.889278279304307,12.521293943153248,0.26371452736783846,0.5472548295610073
21,728.9105743866608,15.913388894661022,2.6200103073250336,9.2001986642395,12.491639013183613,0.1463216435393017,0.5423815422451331
22,721.6806761085829,14.624822146048666,2.5557101581340524,8.497501063003257,11.63151638063237,0.08729563831355987,0.5670058460883856
23,727.6572556575137,15.403881533427862,2.4364494973981494,10.462177725847038,11.832398873553492,0.17547845331901848,0.6064171178456033
24,745.756728996864,16.74762919650395,2.310100274202409,7.869857346419758,12.994001850489024,0.28115978607854125,0.6487694650680004
25,753.9935075747045,16.8079669300666,2.4655843697658715,6.760770350399325,12.577624137914965,0.4927221313198889,0.7288332878019771
26,738.8297832167345,10.662250351231362,2.559350070974548,7.205630805127767,12.360984047011966,0.6416845954749123,0.7877792892467175
27,747.7230509291946,7.959969159833562,2.48826740180264,7.556558127346085,12.036017716776078,0.819338069407623,0.7974011792945735
28,746.3618387672904,12.736357831937514,2.3338474694465328,8.827596735556114,12.841200202613768,0.898718840863021,0.7219089808318383
29,749.1263748762077,13.369169276229442,2.3470282409032293,9.447759288221558,12.283340989685351,0.8113907589926201,0.6940117207623289
30,764.1485441787961,15.122364157399268,2.2769408271280756,7.701374997203859,11.283342829763573,0.6992114207119086,0.6597036042664948
31,746.734335482439,16.034373318820947,2.659147039449025,9.405493671339558,12.009886621856094,0.5138202208744419,0.5468100403373798
32,741.5319285094171,14.07736652455245,2.8738278711586123,9.754521022588017,12.01792376954904,0.3537728594028827,0.5477910685368845
33,763.0024667706033,14.490435803261944,2.503718150032831,7.316818078050446,11.27136888436207,0.22183834015004944,0.5424536764174382
34,751.3759186697872,13.569005734623945,2.7071268523878023,7.536786652303168,13.231972548965647,0.12908951851648484,0.5442359705324937
35,726.7466442382824,15.327044453240232,2.606657770277969,6.348164175114201,11.945503758919573,0.1233415094063841,0.5992224092281095
36,785.2244398664658,14.716038419718004,2.5823310464168494,5.580942874113903,12.27504693559294,0.190694883639528,0.6585553607739073
37,728.6085078438765,14.59480175092057,2.4084561155258943,5.680366559906039,11.760818371996805,0.33015249881754793,0.7335131376344193
38,750.0595453587773,13.13955174503517,2.470731574075047,9.616212257543582,12.168887493056335,0.5499085476917869,0.7892611538878395
39,754.5724433146083,15.759835876627085,2.82133341876181,8.509086936418365,11.4859353312033,0.7326577376407456,0.7609449578910279
40,728.5239937242798,15.089717532893138,2.411952641328662,7.707934460374538,12.181433964285695,0.8317800025299575,0.7664203377618632
41,770.7426482181552,14.845875921428183,2.4081818054327457,6.891364300815188,11.909789281096195,0.9019722581373376,0.7096890800222573
42,764.4537562323324,13.428233227780908,2.3297901104647645,7.6710962184965075,12.023815441463901,0.8168658397827495,0.6710909591779962
43,748.9082444874696,14.340414457421703,2.547318265547104,7.0960918585984025,12.244144185689011,0.6333801144749512,0.627079728510237
44,751.3173377544488,20.33865314664762,2.609077009908476,7.38940852888925,12.63218608444491,0.4448075691567608,0.5616994468008506
45,762.004825651657,15.28711430376987,2.5546705969179113,7.548468849279519,12.92154042781009,0.32977028932885216,0.5172468196639523
46,732.0113488979658,14.672955459512785,2.600571681310303,9.712015737326361,11.175956224383103,0.1214723421799105,0.512206236491772
47,736.134777738109,17.237730408882662,2.768143464871115,6.241540158326639,11.326826841881164,0.1235849902254254,0.5900527467384385
48,747.4350458057685,14.990011480156483,2.1390852318635947,7.387224991604327,11.614943697269718,0.12108844231028079,0.5783489969412269
49,747.3432473234949,13.793121188345047,2.750637467251809,7.950872038282445,12.802297858554873,0.249898684531005,0.6176891976340226
50,742.1253148853656,16.491682410000966,2.397510574687717,8.942139568549056,11.27201662891791,0.3420743245617205,0.7443338741272449
51,779.9581544655773,13.685732477720256,2.4241279717180255,7.300064219959328,12.543303354716771,0.6081380665498407,0.7683065216311475
52,745.7975961387983,12.52117630473996,2.433742090958325,8.89759792937899,11.859906762049084,0.8671074905269135,0.7797221512489648
53,755.933154573655,17.08895864620058,2.667712245034796,7.908137500649672,10.601665171214085,0.9381767686174527,0.7464122705501063
54,753.6202016156616,13.920417278241052,2.383676174360739,8.876232727252187,11.544207111845084,0.9065656252901236,0.7008412312597837
55,743.1630998069513,15.49377559637522,2.2304078300090544,7.8363282464972706,12.397069621997353,0.78962828648691,0.6746917781212856
56,750.4925221173155,16.267286268408544,2.695585712873994,10.981200738473614,12.708302560724716,0.5656299549506225,0.610004716803398
57,754.5663726653094,17.787506482175008,2.543831999562729,8.798468954291357,12.41886728128633,0.38618814876913565,0.5660619172143879
58,742.9517345482236,11.570152843727476,2.566274831871348,6.761834657423482,12.402656763422696,0.18541372822960583,0.5579238942739192
59,737.9962953885231,18.727380919126098,2.6287382833824715,7.334267348844357,11.843395613304422,0.11576535003114949,0.5768492433923917
60,775.081849577926,15.973711421650536,2.2664347525920454,8.065847387250724,12.159607618796091,0.05016351406835415,0.5820215591084394
61,738.9298105169487,12.639961853073213,2.262887267945916,8.310334022395889,11.40072388241292,0.14952408472984952,0.6307138931680528
62,741.2680739983053,13.025593020712009,2.50145717241324,8.129900631373898,12.458016335650958,0.33199296913051485,0.7054911754137888
63,724.9617818895007,13.86017000099454,2.327502943374589,6.697186334075762,11.866998333211844,0.5174855441862852,0.7439174534586932
64,727.4355476490257,17.89919588669944,2.4487068608328677,5.367642844041722,12.204997383303718,0.6953023863801245,0.7782978091791068
65,747.1069836388081,17.842439869503426,2.7796649601706402,11.116009835483265,12.651532671217785,0.8918736241030737,0.7701201955227602
66,756.7865423901868,16.057553723891036,2.335806605314359,8.703429543022828,12.416803438614703,0.8975911823659734,0.7529421381257742
67,730.3121238748715,12.350178603910829,2.3844169788125176,6.190187377777982,12.435244152923648,0.8357174786035674,0.7035849770695366
68,740.8983342572391,12.792897493554506,2.5046123443170942,8.195241800520769,11.808789762043904,0.6554256537563146,0.608269834547712
69,728.3988113817888,16.433912883356268,2.215490666618274,8.656676187150346,11.511484533742168,0.5028002936862648,0.6107540516262651
70,749.9191273857903,15.065166302319557,2.4692709015308276,8.30110545015113,12.607818479478459,0.37007449240165596,0.5283865386838301
71,755.7048372819559,14.162996276101127,2.476185663876331,7.6296246803350565,12.886023807220568,0.16009187265523683,0.5211728125070886
72,749.7454259713138,14.625920428198494,2.6311315892767,6.6546409189300375,11.826520148440771,0.13416614800757642,0.5772861692399546
73,747.2972201271796,14.17792478124718,2.255612419495346,7.42039532454564,11.368941733846226,0.13474297324893797,0.5907596185597744
74,748.4563217102085,18.156484985208873,2.6790309525802454,8.382940661326792,12.647574644971415,0.33401921755208136,0.6904666679275118
75,783.6235014675834,12.068223892502164,2.38488775992033,5.940639093095942,12.64332640209566,0.4239057290787472,0.7049039485114797
76,735.272657915493,17.354198901962157,2.616862872140946,7.435308092154698,12.258104619962127,0.5936317849707604,0.734693945496172
77,754.4533457033917,14.454304593492969,2.5290528900245834,9.238867790753106,12.38786861201409,0.7615746963428162,0.8045776869724635
78,787.1333945437304,14.045207569176798,2.583410633081894,8.276536176543857,11.841262925648008,0.9070020248552276,0.7362347570453597
79,750.3157622829689,16.147980742307162,2.5461373288601616,6.048482487238147,12.482982684637303,0.9171075954728464,0.752406629592798
80,753.3924771473444,16.361008490051688,2.648057065456877,9.020218654232464,12.540064168878631,0.8026155139320392,0.660524210294577
81,737.2357585131423,16.443971591190007,2.5499641737050065,10.541165612993135,11.5845515009779,0.6020289238376162,0.5880450320810234
82,743.1263717554515,15.545371748069115,2.614078505166834,11.749401020479397,11.521671487358923,0.4171401769272635,0.5765851921172773
83,754.4173490727787,14.1251259976803,2.677622217391091,7.413369718810156,11.578459071057376,0.2262197900126971,0.5049799885377987
84,768.5792027939094,12.63287613784213,2.3821602824299304,7.5867509592548075,12.28534477881292,0.10730309304388454,0.5003866268021485
85,772.4108885064064,14.437269660283873,2.6808414165666976,7.162905804028064,12.90754106705938,0.07075753278286581,0.5419012994703245
86,756.7392143475755,18.612393109537734,2.0982303264612083,8.668442108032794,12.479851140116347,0.17952486449293048,0.6253607017375877
87,744.8985947722464,16.174386490522593,2.1484093939064146,10.699779682455908,11.10740442430765,0.36107621515417415,0.6807122193797869
88,762.482720741964,14.075811071496911,2.9318236856887716,4.4929712028975475,11.67392939554274,0.5160921874543059,0.7531348818735812
89,733.0205179425134,15.340053668552638,2.5095179177725666,6.695986120688977,11.529480705477612,0.7007272743160942,0.7949880749655145
90,759.1872178083584,16.85513142767848,2.261496028439179,4.58017276060297,12.85318693125284,0.8090924160343967,0.7015991231239437
91,731.015386502477,15.07417239838603,2.658052265094379,8.235952592764558,11.832896162228598,0.8722868953803335,0.7187202366535473
92,729.901046742809,15.163711621667202,2.3105382397952132,8.102350019775306,11.165438413930275,0.8000220632450078,0.7003758624569962
93,767.0972950048331,15.774884908005408,2.592432767042662,5.958771901661472,11.130756310738162,0.7258163011120234,0.6373548024542497
94,741.0166813014739,14.88405500757629,2.3403785779438966,4.383335387590116,11.481713758703474,0.5092272234988275,0.5904856199286376
95,751.0646692372321,13.289596588380082,2.4081213845500464,7.085539870221756,11.422214944423262,0.4005754074915693,0.5573613898256451
96,781.954624884944,12.72705805338479,2.610756174352943,7.5233347931413235,12.56339696763126,0.15555218574130117,0.5517786580811161
97,750.7262895338972,14.212376852238446,2.9420032982390243,6.7317710362043925,12.225525553255721,0.09224480209171176,0.5733516061107129
98,738.0244497723048,13.371082715473486,2.2481304546055494,7.180067996000853,12.34909037907703,0.07114900889135704,0.6054342862232305
99,744.3898964487734,15.504164674178288,2.4002717992537126,4.581104332966396,11.985808154594858,0.16098912734410933,0.6532773607578176
100,744.0694681609589,15.399551359040299,2.529305791635042,5.776294831742234,11.945934235967488,0.39582301703508777,0.7650092476639335
101,786.4518962684334,14.551809156821808,2.4705358559746515,10.307302399563948,11.873651152412119,0.6092185111839339,0.7469261551621706
102,763.6680535169246,15.36808779550341,2.4870521037579385,8.73734833481076,11.608469032570959,0.820831354441212,0.7762933086989064
103,745.7715200587522,10.171023373703509,2.555615235805366,9.311027654874884,11.836009561039212,0.8821684547571552,0.7188265075406731
104,739.4731611494052,13.21977472481421,2.571283637369486,7.358599257788149,11.612861481839065,0.9429163640527988,0.7354672229667669
105,747.3362920356702,13.873926125239235,2.61860327726203,6.5619520105655536,11.897134599609366,0.8546916026941193,0.6684551541220749
106,746.310443468615,14.744025647758901,1.9548108230290073,9.279649435685165,12.118569093742579,0.6232089076922818,0.596492919869465
107,733.3227402404668,13.46178629646285,2.596775702090058,10.064862430481345,12.082143639698192,0.4362062920673142,0.5472074810495529
108,722.7877220262147,13.755447197285285,2.426184821407817,7.747244405595783,11.269358693400886,0.25796338115175166,0.533858788079812
109,774.8947055298904,13.312994495798735,2.367110145696967,7.488483789442739,11.101428233772195,0.08484701749892047,0.5006676656371375
110,725.1632909421814,15.930502068111176,2.541044567415977,6.9927938883295235,11.83107494751821,0.12021177015699686,0.6250027458219405
111,764.6659868460315,17.216426430494987,2.4801302289238176,8.26568881083781,11.155602259750642,0.21121712190281267,0.6106402163497912
112,728.5001462251922,14.016335351153714,2.2379858969853177,10.111740652188335,11.857613797481173,0.26324733606022815,0.6787506940344292
113,723.4978290360336,19.27728131041397,2.443627135778798,7.036294821076103,13.07968851550144,0.45532470454912627,0.7066356385143895
114,771.3322062701043,14.411405938959104,2.7074264192739363,10.25464498462685,11.459042907135661,0.7005948682137441,0.7556227065990675
115,755.6381506936444,15.688588332216963,2.5498068650444026,7.371947042149476,12.303993306670298,0.8122435865045117,0.7758724273940033
116,752.0608059343516,13.978366713097893,2.554402640337633,6.6338305954154375,12.880211390245181,0.7670534429562563,0.7346686476974493
117,746.8539431229588,12.597649454866845,2.7385631948679734,10.43183055901671,11.816653732052714,0.855445082931526,0.7167224772552706
118,761.2961898889522,14.743603371671734,2.699524712745217,6.7956976497927295,11.61787911594989,0.7085400628768839,0.6325519918994886
119,745.7084036348373,16.482614634174745,2.1255985608224046,6.95153735509018,12.346743210958742,0.5647891962933281,0.5527227071982459
120,680.4005951814337,13.236735263872157,9.761229453332193,1.8624033130117015,3.058581503927596,0.400889670611001,0.5621205227970333
121,812.4634260701364,14.426254789279339,12.288810613493457,0.6137789790213866,3.397694952320253,0.2126232018891421,0.46165297403439093
122,837.7381366122373,16.502488079549003,13.89400070055231,2.4866513298696407,3.191023297370697,0.08758554996271524,0.5581894569061747
123,866.9680767082214,16.621456002828932,11.516168556988829,1.6250964405722517,2.6109468293227627,0.05,0.6336208269354254
124,823.2877377629225,13.596772874156812,13.656064074473809,1.4405476534847543,3.0520537060838078,0.18554131552300718,0.6429407215779533
125,874.2435241963841,16.93066976369419,11.783723465782636,2.35369155801038,2.504955588207622,0.4048070971777789,0.6977714962158992
126,891.8274847722336,14.922014283310334,11.695624637138978,2.234659608547673,2.832989963998843,0.6225128128463439,0.7308503690745678
127,900.3614904447434,14.841783298025511,13.495158126641854,3.1945946590430814,2.4909496635585935,0.7793753281140188,0.8114935488109505
128,960.5217467327262,18.396356146732327,13.945295989266175,0.465986053325131,2.962321972621633,0.917997839218968,0.7489351696051065
129,955.0290878694165,18.14828632195861,13.504248949736668,0.9553866836777425,2.626345080859706,0.95,0.7285681989944806
130,1051.2002869729329,17.34125072401796,15.400116623095006,3.0514371728590586,2.7249319909893184,0.8291020432112313,0.6856979558700275
131,1053.241073118546,22.836448815116146,16.38863691522699,0.6705949167761669,2.077334455201896,0.7616088827072653,0.6084105929620102
132,1002.925117367939,19.883147218846794,13.830114016826661,1.9932333917388687,3.072822633049292,0.49915523829119646,0.564749715959931
133,1118.904734179719,23.388968805330734,18.042142749434547,2.1507179273580785,3.0513089448252577,0.31088799845104964,0.5013192273105913
134,1075.7378077212486,19.306712017622758,16.105774876095577,0.9973422637927627,2.6717055936392207,0.22741191215623996,0.5057133984045692
135,1104.5459788249905,23.449322790157005,16.66527955974425,0.9157989857228299,3.4674147391324723,0.09570584253455239,0.5673387176292702
136,1068.1271503653684,18.840978954497324,16.176672585218753,1.7335461243549108,3.6711227104228485,0.13177229015870354,0.5916163038937255
137,1177.5614752638655,23.754612606078297,18.368770030873787,0.4826240980643526,1.981202875540698,0.3018825272489751,0.7019998673624404
138,1149.7848020640417,26.56524765922126,18.265897601404458,2.064801454971342,3.1433528820861927,0.4621153366592141,0.7140542022026773
139,1172.1049950000934,29.347620552883242,16.47737648735349,1.0885119302095287,3.620926254566419,0.6176085331332315,0.7615176143615621
140,1146.1329030877112,30.928093399714527,19.040246181663928,0.9325559780051476,2.2578370554269944,0.7994632073925227,0.7168529009691453
141,1200.7996413727076,28.764089672432366,17.113407141165307,2.159586031397899,2.9362191446043586,0.830590740999721,0.7564853433799708
142,1296.3933467718152,24.911138627013003,18.086252375196576,3.7776575070760194,3.9766347609385613,0.8434494197291854,0.7094493355293022
143,1273.732128092371,31.721686838471946,19.823330172900985,1.7599343970873458,2.299237424245605,0.7504428225723621,0.6343886159652424
144,1323.554912566695,31.484807891345888,19.898398193752875,1.0810131421005025,1.3983678066577272,0.6039618848194578,0.6137273262262456
145,1274.2730253983536,30.258805802802794,19.030818672623294,0.8992172703665178,3.615593219085093,0.3983352656191366,0.5470375754221878
146,1360.704956317254,28.687633463943563,19.63549879627406,2.2069334602105632,2.2844051581981937,0.1701051613714598,0.5028454973451527
147,1358.2509650349155,28.93425343520005,21.380556391450753,1.9091235964464248,3.586019512132362,0.08302476340207395,0.5887689398619895
148,1459.0632992372707,31.74586623270384,21.8284468801677,1.4828221166614084,3.3651213749142266,0.10347247200586127,0.6048647357115888
149,1444.7853322923595,30.060688349974228,21.97481172296304,1.362274898048549,3.453596640433953,0.20123304559185734,0.6140590210805259
150,1403.8968665643993,35.27779044922546,21.211142885872736,2.3353068921801996,1.9107540091042718,0.3819897797182053,0.652670603411012
151,1456.2651675804061,32.68035565460938,19.808586042403235,0.6162898670531354,2.779158880929625,0.5041489563665288,0.7291763318782916
152,1484.607202885483,37.76869880767282,22.142377873758747,2.0773572370984636,4.006959863119415,0.6760396803522118,0.7389850949415986
153,1492.1200561952558,36.51357415617549,22.698060345005175,2.2475484303920488,2.9971411306310936,0.7974846034598801,0.781505843633001
154,1492.957083659378,39.29602408271852,23.233716757852932,1.1679767329574566,2.8951260800511487,0.9001820990497127,0.7128483152775784
155,1529.6654477795537,35.38836400665197,21.96790956118194,1.6933601200252355,2.870224678666736,0.8333351232100222,0.7053137698372309
156,1676.045565773921,37.73179986903889,24.14402599132918,2.7615225674235857,2.9337001878913487,0.7191090565602025,0.6420790445273334
157,1614.8763232415126,35.2094050241221,23.41313129497188,1.977053990749805,3.313609208271772,0.5089895791716883,0.5520748931176765
158,1658.3834732097278,36.30061976789996,24.41238934999971,1.3279318302034873,3.112940579221393,0.32933268247713426,0.5220365093210232
159,1654.1408966461756,36.079658417804076,24.09903614064357,2.1050146686687334,2.784406086713109,0.14909380579298448,0.5447213910328517
160,1693.0207169924392,39.9601789543391,25.91117421244443,2.7487780959024004,2.6276873625394934,0.09225799508482335,0.5424301248764342
161,1687.8791744818666,36.61490845768872,24.481579462062808,2.034652383157403,3.207649966716759,0.09389376836449596,0.6023305347245201
162,1738.1147194911616,39.68325107449821,26.99844017233303,3.0705354631571433,2.148130703774733,0.2312328027030411,0.6521673443389103
163,1767.6641383072292,40.23183343428852,27.220313089729533,1.3314802374757841,4.034510625760791,0.4767297489204214,0.734947830228582
164,1775.6656244047556,46.70703475821448,27.280410364094692,1.5933837879010766,2.310790413390555,0.6077924159540471,0.7657490505894392
165,1862.9399816203163,42.3350799243221,28.36013732798142,1.4173341174886391,2.757896749294128,0.7271564788227115,0.7763289892748597
166,1776.4837045988697,37.17202844000661,26.169340673910877,2.5858995354479086,2.5351458218677183,0.8841848919399689,0.7275293981100512
167,1861.4466058140508,43.24395476235604,26.68052525491656,3.16259182597953,2.759099283962589,0.88799929824502,0.7171970962425371
168,1871.4084076026356,38.0983545209697,26.64372207160278,2.535293606260952,3.4996372488008367,0.7515656524227605,0.6625769707463511
169,1873.7252154246403,40.20698888233426,29.15454918780361,1.6488510694500185,3.1416293325712203,0.5668427978748707,0.5730864713495247
170,1979.6679738214084,46.33866285105133,29.330176557266814,3.0253204777957587,3.1532001421863454,0.453103695732747,0.57428402204664
171,1933.6433895204725,47.9007369393839,28.772203630408818,0.4580345887871706,3.101453351808223,0.19786205087403752,0.5463480497948787
172,1961.9874421541156,46.71271160009434,29.75814687718979,1.8014029743063567,2.261132646104911,0.16829470945229139,0.5201026381143921
173,1949.103147277625,45.78790123747255,27.58984789182623,1.7106322205568256,3.249041471949843,0.09284220534493867,0.5766049328351984
174,2002.3443048768088,45.085195254842084,30.319862077083176,1.397646490473531,2.9587088908057635,0.2143377710280238,0.6316552076584677
175,1970.6650588886466,47.91082803792087,29.313992217421685,2.0275250575271433,3.323376783780636,0.3630326286110951,0.7297549199930871
176,2030.0902573369165,46.63058350012447,29.507283425966335,2.113093955852159,3.2656138923169364,0.5012201846262564,0.7484239474653868
177,2154.9876757322086,44.273816929977315,34.83477047217296,1.9030385837371608,3.0095173825612975,0.6562258099661782,0.72454343619564
178,2094.1448813857915,53.463013753468275,30.347412098442906,2.258006711373414,3.3050327855902912,0.7979561447889306,0.775822288329123
179,2110.071497251222,51.400320525172326,32.80888913992203,1.8890756590943614,2.8135405825869926,0.9291613766516131,0.6765496736894319
180,2098.3904095711778,53.19908654561646,30.9630202137174,2.548240666321414,3.468340196649577,0.8225748172477388,0.6425138525764373
181,2150.472145615978,55.276086081450494,33.585832123597555,1.8458430410992301,3.342566653243755,0.7078182543255732,0.6186514858959826
182,2203.3134886302387,56.648116407661746,33.24120725829651,3.2995202679153346,2.852197039822151,0.5635308560503582,0.5428211594852776
183,2157.8979711742118,52.40819432664286,33.53625483006026,1.4098007774504204,3.0592314736524666,0.32578096423394953,0.5781818710842044
184,2220.017380068188,53.957178044961694,33.747134917314966,1.7188687979614015,2.2364528765802363,0.16439870911920604,0.5265136834013701
185,2257.4607067745555,55.15234175678306,34.59126032296024,2.658597171318218,3.1087999591420257,0.07040165071513563,0.5508161590754249
186,2259.298170485046,53.56160050261117,32.642387075885516,3.0235093955839223,2.729478175445227,0.10768632240779555,0.6184529009447153
187,2305.6486400187277,56.056346920480934,35.78426144961158,3.4855628706464623,3.018785233825115,0.21905398239820237,0.6973402158576815
188,2324.5707250663013,54.226237743989806,33.95706495449742,2.214227806483477,2.662099536333037,0.36095590829237106,0.7532765890246624
189,2283.1381194013775,51.89185739956022,33.658413995872756,3.6478481915211445,2.8633346385286167,0.6039822940577121,0.7481346340674719
190,2364.5041516623364,57.09303856002714,35.388098696636625,-0.6036067172658273,3.397388454207404,0.7472015149364857,0.7602278859059195
191,2381.1973901047763,51.76394465901861,36.05595269979957,1.8962454689524268,2.5206557846190747,0.8689599632334414,0.7605618108531645
192,2457.4169324084646,54.43567065303724,38.89358433430628,0.8608066024684098,2.236228920151577,0.8368355663901481,0.6963003908183159
193,2479.6761765729234,65.31649593489325,37.34481671303092,3.645996642518101,2.6945082495873414,0.8568984912955973,0.6991662240198756
194,2464.5003539313893,57.39480798712438,35.779413608222214,3.3869250500986454,2.3221850695019732,0.6348284566371529,0.6290758530386482
195,2452.2178086821837,58.0989770241081,35.86635394983062,3.149091755746472,1.7395389206583645,0.46671223126283695,0.5774880540002493
196,2508.558555592011,55.72138345955498,37.96381814879657,1.2285994741721842,3.234962292325768,0.18016700743086134,0.5256390021493083
197,2494.819428362791,58.67498384480715,36.28684254980368,2.5165995727470216,2.897004405109934,0.07551131557910415,0.5087474654294273
198,2563.19895607111,61.18337580560821,37.96436310691533,2.0747071296516735,3.1493700370811646,0.15406638071990902,0.5793041163934609
199,2614.2599682653467,65.29660152198028,36.63706720986342,0.6590686092647704,3.6881043582125006,0.19803933930126666,0.6055276978990272
200,2570.733679127933,65.54166214697426,39.018447815459425,1.837993272728251,3.445260986286991,0.29404755913504094,0.7142073878349745
201,2581.5822501451853,62.744256686507434,37.22243894928875,1.3346246554370267,3.061508286505151,0.5296418437112221,0.749222451404446
202,2718.8707609412163,67.2901231855619,39.835914325652645,2.500224171953169,3.416787304073172,0.6419174402633538,0.7538645393007755
203,2645.807076625276,65.00058948887275,39.41783527235107,4.394428570575176,2.7938525196981163,0.8887087811087707,0.759702439000992
204,2667.067690659397,65.0755230869202,40.22212111487263,2.1750603754262774,3.943249832787178,0.9181522015796553,0.7448567454950772
205,2724.73013029841,65.22748593200629,41.9264170070537,2.787719780614573,2.680010991903667,0.8733950829957969,0.6516612081552096
206,2773.5782816049696,67.35177470149964,42.209768196080084,1.5199377601064448,3.7271793534063686,0.7434263320432698,0.674405429949418
207,2770.7985991659593,56.44244531937913,41.936625406613075,2.880947046736235,2.8620879893913482,0.5971259267436192,0.6094881483294596
208,2787.562772748289,63.68023463437284,42.758189466705396,1.4377165844535011,3.171720876764186,0.3764430820168787,0.5554072449527507
209,2784.478908282738,62.419078371457104,42.242007023590666,3.2862070012550393,1.6585437778152083,0.14978283757034877,0.5550742074007454
210,2796.3450665754035,69.33191235552795,42.59655269612012,3.102242711458893,2.8034947387399156,0.07776630150183284,0.5687344313309376
211,2876.056810966783,64.63351689374025,42.04789371648374,3.758872528134974,3.2977428017923076,0.07539202887416066,0.6116380220970951
212,2860.3761636832323,70.30683736294677,42.85391931175135,2.1792857805555683,2.6045931009320467,0.1998548157727833,0.6232866587597548
213,2877.31398174534,71.12578904874353,44.159213358284,1.3608118951683426,2.5198754091644617,0.4056125438444664,0.7137555578884139
214,2999.609775750364,72.60582956044404,46.64852409932603,2.11535684519564,3.5038270634117943,0.5179996523863869,0.7297008372232255
215,2900.757489077119,70.71664734698817,41.84751055196134,1.4957948527907723,2.5175376244881087,0.7526727306312949,0.7309809228721175
216,2997.5902481458834,71.17182316669658,44.54607645953395,1.1732509444841612,2.873044755943327,0.8792870125769453,0.7306227985037689
217,2945.9220086609093,74.5201170742789,44.97877502888865,0.27822334234248425,3.4514886461380936,0.9171054906983624,0.6903227518064942
218,3004.978397339796,68.86920642232583,43.77384760446762,1.1764451179139832,3.0881451482864635,0.8721456872867515,0.6599692359088468
219,3043.307565530756,72.79293854973417,46.516162768959305,3.102558104962276,2.4185322811664833,0.5937181717700495,0.5996634341895176
220,3108.688246587135,74.89772337751842,45.90632613722365,2.4244707923045414,2.618154317273498,0.47688238219814594,0.5636848964078457
221,3092.0254036082088,74.22612545642046,48.16971496684226,1.6621978522413041,2.418760409605154,0.3054516827831588,0.5822608556887788
222,3084.884113540511,74.26690880671832,45.73636967734923,2.1019496330043825,3.9978160551632294,0.1853030844396078,0.5471961090893821
223,3141.760336688498,72.15407127542217,46.87490736958521,1.0662465299481907,2.4983725560229084,0.09911698321551865,0.5210098094806763
224,3180.334135757656,71.86774861988371,47.19362514153454,2.9358378448242686,2.868820314137778,0.1879768766032056,0.6283284023686226
225,3126.317998523623,76.03819108508733,46.78146082910009,2.1222301176046203,2.252353376242643,0.33503774468246755,0.6542162124014762
226,3285.301133287004,77.28954068967852,48.484740704564395,-0.14994949437648053,3.111062157915753,0.3926067505992762,0.7556442687740643
227,3214.0330806445236,77.08364834562111,48.09072302093524,1.8856760918071387,2.795153047038343,0.6516661572680317,0.7760457578629186
228,3240.7578970841587,83.4761250275557,50.141609776656296,2.891166634659171,3.3747863877712985,0.7705407756618171,0.7526620758028535
229,3246.978099754693,79.93622270932852,48.17401161306039,2.362418711416423,2.715286345242995,0.9169304861541506,0.7479540498211528
230,3242.6704556954433,78.1019766058328,48.7015846673671,2.4358317321311684,3.0558655835880137,0.8739656412067109,0.6774371970131171
231,3302.6844128960897,81.3831979342406,49.97213583923841,1.714255188314168,1.9874430241711873,0.7544466404220028,0.7150216938515592
232,3327.4318271512575,79.37142561498788,50.08138528564943,0.9487349479433576,2.5792002898890356,0.5778581460686462,0.5641599980658929
233,3352.7079026125753,81.69025832087394,50.481722382205305,1.9483351759612724,3.245478910694839,0.3823818525473564,0.5527407355206072
234,3384.705342432601,75.34893611164755,49.41841777343919,2.2303286400302733,3.033848517701139,0.28497035262567766,0.5359171455895936
235,3448.0228864607734,81.28826855407497,50.297258623772954,2.5441136720825437,2.492156953380129,0.10176599778997637,0.5567451086484196
236,3431.41468362185,93.32094402056833,49.30719424281875,1.3156532435582462,2.8921467595085293,0.08879033472156035,0.5577391663467646
237,3461.4054126824185,83.90202812044625,51.47339730779517,3.0766334230612484,2.4023967392816346,0.15437959232304743,0.6446805446437315
238,3524.116131216891,91.21225670482151,51.871435812983265,2.9542717042896327,2.5714813430186134,0.3603778767479336,0.7549824533983334
239,3550.792878011899,86.36014233865602,53.982401199657296,2.9084613354882394,3.1705412175772834,0.591792402214509,0.7626537567817345
240,2418.4622082966616,38.57963446474933,16.85603433075998,1.6217790476973668,1.8237484312610803,0.7592242668480241,0.7938070500646095
241,2398.3365725825984,42.695087318348826,19.09505566750332,0.723906259420638,2.095964285016566,0.8312880171549123,0.7601606045553206
242,2333.4538544766874,46.26140038827685,18.664336090163555,0.38140480871333593,1.6662298389660992,0.8405824322868185,0.6947456445510047
243,2351.1083050369957,43.95431123680646,17.735242146715144,0.48671220560783934,1.8159909891187396,0.8646450664290988,0.6496783172144647
244,2389.425712919774,44.79457055559912,18.690870396969164,0.956314305785813,1.4633589723475784,0.6981419576852672,0.6512872295192258
245,2483.070440986611,44.08235525673943,18.06994660649574,0.2509377190789867,2.2733068701981827,0.5486439878374516,0.5557561179039441
246,2363.6876564823706,51.29949424565154,18.14983613078958,0.12606690347896998,1.6368895272061061,0.29802601759147296,0.5218769821143754
247,2438.247196358415,42.30228157141374,18.44954665599597,1.4329425292824736,1.3060775212546725,0.14569058986434502,0.5546108830314697
248,2344.633256652678,48.902688601964925,19.69503195061892,0.905167704216671,0.03846603214896871,0.09687319040706006,0.5875068068228473
249,2432.5102756726483,45.38300063320034,18.21561128902677,1.5873585211524741,2.099151322929414,0.20916184681298755,0.5997169916682763
250,2363.770387743085,39.43429569994845,18.137042856472874,1.4968872410629683,1.1421296212568985,0.29155387849434516,0.674301034820019
251,2432.613752126624,45.13280070840376,17.996467030429162,2.41872684096998,0.5736119711464505,0.4333813491578022,0.7393138586857158
252,2433.603467751375,46.66257231576933,18.712008968262985,1.4411805711918988,0.961001208383456,0.6409848330901595,0.7462232321325724
253,2402.9079179022124,39.05488316600951,17.595285880636574,-0.7835562508093115,2.1555009607771227,0.8064307718677132,0.7758367397882944
254,2454.0801172454944,46.61960454061896,16.494324150214858,0.12550876237624065,1.3724216850505677,0.95,0.747061370968972
255,2378.928594267261,37.51455062000363,18.638278853041083,1.3410536991474036,1.8960785277651844,0.8511256435619607,0.6855053837989666
256,2370.262464594054,39.786506663942056,18.386945474698123,0.5476285835336082,2.0362495300172547,0.8003539383595922,0.6213317715846252
257,2325.072167250508,46.928244639502466,18.87379939515954,0.7918853888967727,2.5494850032108305,0.6069047108247121,0.6271833164098395
258,2402.097007495457,46.711475695624706,20.469560388626224,0.4489341889964937,0.6459974648490033,0.37668784493005625,0.552582731935987
259,2367.491468270179,46.502653409420496,19.08936666344971,0.7909434625622507,1.2598820295195785,0.22808300609287044,0.510703309624142
260,2444.102395708311,43.14444409934915,19.85891495367001,-0.04455949714150942,1.1750259455389407,0.13467817017649536,0.5315169835328184
261,2395.5041124925497,47.40864613581942,19.24044402136627,0.8725367357727798,2.1530707276445824,0.12018906618124298,0.5724535315018434
262,2341.5540993825557,47.73230803581793,18.003001220682545,0.17580722416007366,1.2914180938938309,0.1459170713178211,0.5946011842381639
263,2439.8087245558922,42.347362426301466,17.95811476260645,0.4321281846905618,1.186126678276979,0.3049894285750806,0.6822988873830598
264,2382.6927182103714,46.44487891584879,17.599667339395445,0.10213861339650543,1.9080086615214138,0.5066737717463273,0.7381721919392763
265,2399.6824468216505,44.07511902662682,19.560420049059516,1.7159021812549502,1.157503847569549,0.7673539842847018,0.7773320338940425
266,2308.1308139219236,51.099662462672676,18.190641114518975,0.0062996517731990775,1.3487970084118424,0.8347835195132185,0.7790965204542534
267,2439.8869022734193,50.96937819657512,19.279339121875534,1.8829859848049058,0.7699474927056452,0.9080663901854147,0.7387085178347679
268,2406.674465747998,41.74830013089952,18.50456843234033,-1.7111570726736232,1.4589003238207034,0.8186214597248842,0.657805322709016
269,2416.053430173046,42.49127061687225,18.66856006277507,-0.31734620004698577,1.6981307472114537,0.7393033961432675,0.593062895161504
270,2457.1784377764043,43.685404732285775,20.38319858890736,0.9176579471479664,1.437929490904435,0.5179233977560566,0.5599882147268292
271,2400.3002226642843,40.360406995749685,18.891803754410883,0.57161736115605,1.9274679603960965,0.29659358436652355,0.5351574521256257
272,2419.397318569708,48.232344709305,18.590472525601314,0.560501331239519,1.570306268104419,0.14974973571073885,0.508039281795957
273,2410.7291723519547,47.84595231656656,19.426655294911868,1.7567527027801355,1.0230792981083714,0.16568972911343427,0.5292146027330855
274,2383.401014076707,39.355094782060974,18.47799462108335,0.9131889325767415,1.4815714552769155,0.14281756095883025,0.6387970556566779
275,2288.5741566417055,40.53897017342709,18.04787317487475,1.0135426153155542,1.5087622481325018,0.15238793639598414,0.6854683744002498
276,2352.543071897136,47.094977723193445,17.51667073518679,-0.7990341190525188,1.3156219608738267,0.38447437097205417,0.7376482646191529
277,2388.9984402117966,40.31650400139373,18.214316227649512,1.2826163852364856,0.5883966059177207,0.6067994546887898,0.744835396681608
278,2417.9225149256904,42.38012429942557,18.86297710861737,1.3322303462451628,1.9606788727428692,0.7648954736431811,0.7629415482494445
279,2445.461910147659,44.29930031301854,18.231884130313066,2.32030747029871,1.5398614780250592,0.8806580680092543,0.752528261716018
280,2370.8068771368457,47.546055998612566,18.021803406158693,0.0062213129104345954,1.8264323310760209,0.8567251127389415,0.7078073064984516
281,2349.994122592137,44.603819782816956,17.88391444913929,-1.354549725739774,1.1862260624536178,0.8390056942055527,0.665932218434774
282,2439.5931403600343,49.80392280201271,18.801396392925934,1.901671030400688,2.8531632296013,0.6687190144342761,0.6138785891234788
283,2389.6941336200057,47.46020822546672,18.350223278752075,1.4449152471483004,1.0268545825721744,0.53691059838485,0.5576692402309903
284,2325.8298871657644,41.76833236851203,19.075730071091417,0.25972351725299114,2.0546032503646203,0.30238580026803474,0.5420896294563547
285,2375.267178692716,49.478969986725815,19.486367215191937,0.5459593145782524,2.433772600375142,0.1833247984189948,0.5513736319155484
286,2333.961328307573,51.726382210741505,17.772139537167817,0.5556887144241525,0.9948303608391817,0.058037406073199,0.5618743510643944
287,2375.192677985765,42.494715592022665,18.675961951394687,-0.4494827532704002,1.1516184963098204,0.21351944762631972,0.5646512359459733
288,2378.4443513926553,51.23199093208854,20.232881417886887,1.373316469642011,1.7444690667654303,0.3577040452439477,0.67172137355663
289,2404.3028823586974,43.84395896077813,19.671600976341736,-1.019416011492727,0.7920963570520434,0.5171823645194761,0.7467577058370648
290,2420.68502086785,49.17315993103499,17.14197572103344,1.5442530428164876,1.4244393571390346,0.6828984341812805,0.7467780910192927
291,2403.5499566029084,42.814890424975616,18.545672136734737,0.2562081517080921,1.12902906302669,0.8980263603359963,0.7698586467830703
292,2432.4445146145094,44.79206723527082,18.285440267796645,1.617852679553909,1.118157869460351,0.9494767718189228,0.7249075578796366
293,2388.484565482217,48.81569924290136,19.24157372741636,-0.9845813014142197,1.5321379627643186,0.7881765345883993,0.7050960962612531
294,2431.790307608877,41.871219723411826,17.57447698869595,-0.26303362700900457,1.9557601922681382,0.8006832216940651,0.6205203968174601
295,2478.4431465638904,48.19348605920254,16.95513492767153,-0.008258713519367467,1.564200386997204,0.5457195965732157,0.5656560789452947
296,2411.7580925118054,43.74540809894291,19.195827431134443,1.003444891756199,1.3383685810769008,0.34479845568659595,0.5562316401544906
297,2393.5856128548635,44.797471675601784,17.41571629017332,0.009202832760212942,2.124893736230927,0.17503851299755305,0.475201417649577
298,2429.2910045304598,47.771537452477496,18.463948606984644,2.076369062862229,2.0769773210319404,0.12304199552649878,0.5385059844640547
299,2399.7051434872137,38.58613683593908,19.11946703792469,-0.4926032123935965,1.8799213890747977,0.14541624566929962,0.5745750138681971
300,2398.6551190066075,47.7745868941877,19.240268331648032,-0.466852948695613,0.8098878025764977,0.1766906053673987,0.6009069076915232
301,2423.771311490981,38.21191276576598,18.612980905697974,1.189926824914344,2.0337705786485794,0.3579437754633201,0.7131278537815245
302,2434.6264272572284,40.57501405514242,17.20098154065395,1.144202728639279,1.8720052262847333,0.5363940224600093,0.7256175446958184
303,2353.534541660761,50.05910638083969,18.487367672539815,0.44628789188485773,1.630097914987046,0.7205597592669213,0.768767697078035
304,2356.3227249357965,40.1736423367376,19.43337173631018,-0.014299036249973196,1.0064724209002363,0.8958377051812554,0.7247397571197077
305,2375.576499130849,52.32460337984651,19.524969882359482,-1.5497368197077708,1.401230660176104,0.95,0.7329923801675869
306,2455.221733607725,47.908434158145724,18.68231001159466,0.8565492324893522,0.9429824954645655,0.8968556011684059,0.6471165858527417
307,2343.7278633031665,40.46667676826,17.90594051583987,0.6206538397057033,0.8663055597500493,0.7008547175305715,0.5624764378010867
308,2361.219300443221,43.81455652541114,18.231497297071225,1.709319383902692,2.445590181162174,0.4903266951679521,0.5278561050617769
309,2414.0180448136994,49.41567199739945,18.42771287780937,0.02904355953284654,1.871213283257741,0.27835263303769264,0.5339387715953823
310,2303.5945945345447,45.440159254692745,18.871563853805128,-0.012977537806757367,0.5798317097347804,0.18497778776231885,0.49251906437491966
311,2392.829886142381,49.89906340078593,17.635144653315297,0.7218506287915225,1.6819900775021346,0.14247598783182225,0.576953817689004
312,2413.5567478545845,45.627673003706605,19.25541434144748,0.14951497326846785,0.8007526197905201,0.14273475480318196,0.6161478848582642
313,2350.8222433940673,47.46705826307699,18.698265656883237,1.6146552756934789,1.2940487827088558,0.31147208503006774,0.6493628154524113
314,2397.719269184065,47.49447209201509,17.09040495929431,0.6983579074594053,1.850125062239178,0.5237771084780771,0.7411509175660533
315,2445.7711706548675,43.757071258771404,19.277255545535585,-0.8727358369198701,1.3660215376630358,0.6943092381039733,0.738820668660953
316,2456.1966194877004,40.242106045635936,17.919849320867005,0.6941218368823441,1.6192373917655565,0.8295634884784512,0.7953387726231271
317,2395.0889081359296,49.19839964836873,18.51934739419732,1.6821224868191744,1.4828235608481433,0.9201405761305651,0.7164474308668619
318,2376.9304886494233,47.808695861627264,18.525830799792605,-0.6608837069499289,2.0312731600527085,0.8987525287818692,0.681605577608547
319,2339.7450427371955,43.314593637728485,18.951707883953155,1.513870168787566,1.5076167395589501,0.7591292600325141,0.5569005745334367
320,2344.202347895335,45.58553310310603,17.473076829295962,0.35712129326547876,1.2274811328732458,0.663800498476197,0.5813933951305886
321,2350.9478436891536,42.17597385274014,17.5519434375729,0.24834674881680058,1.4882860720694875,0.3365314996500556,0.5145673483134926
322,2445.216975345338,40.037997154094846,17.691057855777917,2.218065897037823,1.080628772792192,0.2356503710343088,0.5259205458201078
323,2427.140593501854,43.89940586997625,18.636432399004825,-0.5527613970239713,0.7014297974698315,0.14692775566109975,0.5267571522074125
324,2414.5589729227204,38.98106697730605,19.089632890955873,0.438780237745113,1.5007893328739519,0.13427655318734502,0.6119369340173044
325,2457.830455699541,44.78886956807895,19.191963488059997,1.0658206905171377,1.4897136282650882,0.21261898304643245,0.635403026266105
326,2369.9942534507536,45.03965883610603,18.50542330409848,1.5969937998972028,1.1844189733768693,0.3580686349223942,0.7118489215125998
327,2390.847435335325,38.973416970095585,19.23336068378857,2.453478408668886,1.123627873902082,0.5992223552111903,0.8090486458016808
328,2394.4942752566585,50.45113180265368,19.37723883266347,0.951157568575336,1.5971242642367494,0.7008215563117453,0.8084508235869579
329,2433.806838229254,42.79426744434427,20.32299511019196,0.43359928334280035,2.256511105364503,0.9186824855767716,0.7682522315226015
330,2351.3431621785703,42.72417935191861,17.877588390844856,0.7068865205639466,1.4128173597169376,0.9321780379648231,0.7258365807533619
331,2347.811175382669,52.529477904153026,19.54370311612612,0.11020777575627266,1.5562350011505661,0.8461601997800198,0.7085549756378653
332,2421.4157853447755,45.95339284411537,19.01256771368041,2.0244564119271455,1.9629920521222741,0.7530419604743732,0.6322846925492471
333,2368.4384290696066,44.07770134298078,19.338223204723693,0.7466859620894812,1.5086552179163872,0.5256617678000061,0.5551747807358751
334,2451.7379212685614,47.42530031423035,17.784978293397344,-1.3921077503325787,1.7829949368947509,0.3771338915053343,0.5625038077681489
335,2323.939962558918,43.61930169983991,18.22008596138077,-0.023267130132793468,1.6564500379962435,0.1232709275001537,0.5015211801554209
336,2341.531935549435,41.23716241179978,18.485442248096003,0.1921675527757965,1.8923170621885346,0.10027793214984543,0.5246879886488306
337,2443.9209866979513,43.13454074762248,18.006013122249126,1.3215999454016967,2.4485462347725813,0.0699852863805859,0.6153943893410531
338,2398.2250764453115,42.1441661558487,20.656072593510398,1.1120951529043537,1.3839539656168764,0.25917729596961825,0.6745330223882858
339,2431.2107789420547,41.75950270513366,17.147081773895717,-1.5318148058955416,1.1026009336528444,0.48698110942744693,0.7270812879103289
340,2375.020399238278,47.99555944718985,18.109123270398122,1.1933269686844952,1.105780436687917,0.7199156590819111,0.7809078859700719
341,2448.34820129195,39.138008766376245,17.004481524869384,0.8011317138592051,2.4044621599521196,0.8411071502251704,0.7014680935998931
342,2353.043642835039,35.25250774412828,19.300056181438723,1.5999108234362296,1.029105699087257,0.8917346964442231,0.758549657339679
343,2418.376436077812,43.31301711136133,19.291975405370913,3.352509335488008,1.0328566442627325,0.7818301040300971,0.7383951734353346
344,2429.2625978531814,37.5513660286421,18.234215091573002,-0.24998574397792384,1.5450994878674944,0.786802896072911,0.6755025137910639
345,2383.212669774075,36.46776902704382,19.555773515880322,0.7985360347568378,0.5739092370696363,0.5970421526622814,0.6117531077131941
346,2344.693392008193,48.56607475699613,17.289337887155117,1.6193809487657644,1.4442655938919131,0.4548398984510725,0.5355660073641797
347,2421.6075033162883,40.06781725239674,17.536804513621373,-0.716513474894614,0.4719836534460564,0.25016514842657206,0.5290305948707382
348,2396.914660705447,43.841190277152954,18.46724618809416,-1.0416944248555478,1.7989662019645256,0.16281242419042555,0.5852656433774294
349,2359.171789995182,45.67954507644884,19.917300155280117,-0.04056930249831481,0.9429782125403586,0.07391195209073308,0.5746455498392856
350,2464.4961892559854,51.597792816475064,18.49384047955381,-0.12964286973742,0.6208481891014986,0.21787913018949628,0.6502639269529031
351,2385.0786015617905,46.18770256044426,17.768331723060964,0.33205377738915365,1.9095076055054196,0.3505531795624572,0.7227810914899753
352,2408.664265705678,43.684258636621536,17.67633256016269,1.4167037578812893,1.439722250766274,0.4690688066103884,0.7439135960721686
353,2403.2247305779056,51.13670393940678,17.978301514416867,1.058360607147143,1.3155103410298439,0.7481981774594492,0.7938544684906768
354,2428.4543723883776,46.34161476893223,18.171436055249472,1.0005457753963432,1.3700160713659473,0.821777481931138,0.7432372294057722
355,2408.566350549535,46.452248972925545,18.649903463371608,0.35330586766354244,0.7800310074399178,0.9250766445179409,0.7071262828657849
356,2467.5143678018057,44.667883480744415,19.106632997299222,0.4113862262875941,1.976961118604696,0.8651478134145529,0.6304750649406766
357,2406.4371225906148,48.267177817638725,18.231635382471744,-0.26999037267916026,1.1731615804459463,0.708271992306986,0.6123237632698503
358,2369.5851427292846,51.68430375804847,17.011435903413645,1.666257186468269,1.221050787016419,0.4828705757791572,0.5682503274167958
359,2402.3175305053005,44.91227292280513,18.246399225395137,-0.6435450046766114,2.3063610943815913,0.39738193703981867,0.5266004034821241
360,2380.9473996342163,43.221334087365,18.00077347069833,1.8178178413141513,1.6076445803827695,0.11752548802876706,0.511490417451456
361,2374.8700178013855,42.92121060398797,19.963447378373402,-1.2510942181646816,1.2076723695034686,0.11711575529933395,0.565549778578217
362,2334.4078038813404,48.065895893550646,18.11489429371506,1.2342627456660158,2.5584499488091215,0.05460216242724392,0.6123270680541203
363,2411.5510486041,44.25586433933556,19.647377764664302,0.44086108003976376,2.513409208742125,0.31914886138291443,0.6725492242106937
364,2295.32011249398,45.50332001692608,17.530896277310305,0.3350388181867685,1.6097312711152207,0.43377174786103434,0.6872068559683404
365,2385.7245171199474,46.91820966039005,19.71042418570784,0.4209213507901621,1.2279209233863475,0.6564328214740107,0.7604409874172585
366,2413.520981780726,42.974650898286285,18.213775197968072,0.08688100699603662,1.9364791195639826,0.7503926970963328,0.7888732225017351
367,2432.9582483118043,42.61574487024273,19.411104926086935,-1.2468720571390592,1.470584437507759,0.8515733974569791,0.7561981582797205
368,2390.633635189797,47.75910304777754,19.035276264643233,0.43124146275705444,0.6072408530678592,0.8764997685009932,0.7345596438904
369,2436.2600206440657,47.68441260961527,17.980121905421772,-0.12181323533171073,1.017817379367664,0.779111926933401,0.6604087410455216
370,2340.183909130151,47.93742421032257,19.373214708015468,0.7472917407729102,1.4446694269174352,0.6273520839584187,0.574503502074426
371,2314.1052053821713,47.026453152956215,17.722543567479782,1.4771137837908481,2.4672144717554505,0.49400359583711,0.49465963189032036
372,2468.103703672978,49.18614668706642,19.745339861896124,1.4845295338052427,1.447409362439205,0.24146907294624237,0.5063140716463763
373,2407.9912338144973,39.65645701293561,18.67674151947435,0.5562919947911809,1.982847894676523,0.1326096380871499,0.4505412330463438
374,2355.252193822863,47.45144649271841,18.968144066979438,-0.29818498280898287,1.8414633667512859,0.12494764541096778,0.5697433928363338
375,2443.4249430913815,45.24128069886552,18.858163687347712,0.6722423658581866,1.4189332201169451,0.17831051756611213,0.6179285432901243
376,2478.1098645351713,43.66993685260849,18.71780810342279,0.7688624964005348,2.119958445091096,0.2886372031077456,0.6784997439020976
377,2438.252496732912,41.86837930372501,18.383428859924884,0.7604807618921301,2.579310025767895,0.5089538102730339,0.7623586791433703
378,2357.4387337992985,44.90361775454113,18.13696103313406,0.6872223317619197,1.0896483511752098,0.6727721351513958,0.7650907095820046
379,2435.0913795466276,48.08302316411374,16.467329939768387,-1.1323198730769024,1.6031261442182372,0.8060636363403261,0.7372377826973824
380,2341.4507749494956,35.86637769079835,17.896582667947367,1.0596204122402342,1.7405489484545202,0.8699478158889276,0.7337475461060311
381,2403.100180571963,45.51353030560451,18.833026481391006,1.9566563971795805,1.0559332859196626,0.9272658375150753,0.7018785624635304
382,2380.3197607556654,45.727791746871716,18.232309526839796,1.2407988164207389,1.4223878859727708,0.7248830481116656,0.6245076405251556
383,2370.8282236843443,40.99905020497747,17.13916139557625,0.19847386486423307,1.0341482752640876,0.540438784676173,0.5915917858592329
384,2445.1538085290663,44.82499123340409,17.99692363909378,0.6953019663730604,1.250884058777438,0.3639162937373779,0.5288322620765064
385,2335.146822073969,45.317759544908085,19.114849796536927,1.5332484940448328,1.274810301940257,0.19236929870120875,0.5598177235086104
386,2421.9279634677605,44.91792744606456,17.359425805477617,-0.6328373378520671,0.7491222806199999,0.08326276336538921,0.5394685600873002
387,2403.9929385768987,44.92221253798864,18.226649440148833,0.4208314313604733,1.822659621010974,0.1977938325886578,0.6499185503577649
388,2406.733971436181,39.47043857793174,20.349552330100984,1.7609898182088874,1.2482179892197447,0.23178898281326965,0.639785779611928
389,2420.105085485332,42.32879392841641,19.004880781045372,0.12471305357389922,2.0940439747961124,0.44592486869180825,0.7011428638293479
390,2340.8205929906703,44.466828093112085,18.307982627054017,1.5079354994771823,1.5806363445657143,0.5986816112061419,0.7521075385163584
391,2436.44697213913,39.28856756429445,18.02785926096705,1.7910129886936876,2.4474563812139474,0.7641854388965107,0.7464452566463897
392,2480.048576552746,49.06418288495261,18.006531246088656,0.29820968680301796,2.1010575807576957,0.8398822951209233,0.7679752582401494
393,2434.5613955741824,46.15015064207136,18.728317831463418,-0.38876088178136603,1.083134925403429,0.8664645943376873,0.7390751717327433
394,2401.842419810339,50.96361299313701,17.681549517934204,0.4034721382648731,1.4815332799029848,0.8634233640704977,0.626192737001563
395,2421.582965411093,49.87308863497291,19.494760998862663,3.0928706798152548,0.7948944486360323,0.6617679108420184,0.6324693799998427
396,2380.2843257348545,43.04136295322236,18.268017952309272,0.9294854866667207,2.135751640083251,0.47470783987114534,0.5608088692824293
397,2418.342764224562,40.76783731491052,18.366530998670438,-0.28345816028336934,1.0307791499222567,0.2617088177273551,0.5702386781004192
398,2451.5065612401854,53.7761009750122,17.905135593526786,-0.6337385842990049,1.2378139505877,0.1615851069145918,0.5422693387550486
399,2405.100275046742,50.54808927833081,19.199822561427986,0.35511524076222095,1.2167611968346514,0.06724585911485312,0.5468310375959479
400,2360.008808803078,40.04641635494581,18.73728395083643,0.5605027852300312,2.196345525131626,0.14447398007258502,0.6165226032044258
401,2418.3836300839334,48.82361799106555,18.78074346162233,-1.0874060359261024,0.5906548489605489,0.25472747319136446,0.6735927574846536
402,2421.6445411921786,52.821728274567846,18.101017717352672,-0.40925633660952,1.6997578025132654,0.414912000032979,0.7117087586900862
403,2386.547150142311,52.2780710989907,18.374555051459108,1.0615440209256817,1.7371126204772653,0.6457977962273216,0.7247634347123131
404,2491.549684956088,46.15175789942001,19.446625784598105,1.3091550930751983,1.7429437828942618,0.8188442756360926,0.7229003670403301
405,2410.8556365716477,45.559322152052744,18.90663357311409,-0.38939599002108727,1.5257302267812747,0.887728470660037,0.7499124453816103
406,2426.7118169839578,51.9644798164589,19.095300310428318,0.15264962236242013,2.0195935489976398,0.8954376360663313,0.6986293403306244
407,2369.0120948237113,50.296878259937785,18.332731043843715,0.7904975262430739,1.0291881156378526,0.7886876620667548,0.6313093369121049
408,2396.7347600969856,48.90769037310901,20.04080158037293,-0.5993617251739891,1.4769576436777112,0.6407104004533103,0.6050766065238938
409,2412.9853797091614,41.17005858783902,18.479023417619768,1.4344570155979413,0.5230713373067771,0.4020719244302546,0.5463331197362533
410,2437.285466963865,47.67807811066161,18.91121184847257,-2.13445528479897,1.1865779449933047,0.22572231197308407,0.536155118587455
411,2421.6624312193626,45.489810613255784,17.205538610281756,0.718639297211458,2.5273087651343253,0.12821281068623455,0.5720639693516848
412,2365.985949673147,44.94682437151126,17.867545366209367,-0.6025212504279456,1.6607988820597697,0.15231449966930416,0.6426846855590288
413,2423.508598745508,44.77534529449169,19.48913470804677,-0.8814245081504675,1.3636491891135674,0.21446958943004946,0.6425371239454082
414,2394.3078072052454,44.12392392927363,18.354085671929695,-1.5125494559515702,1.2362032823969424,0.450180349225099,0.7318104675635675
415,2390.5095689482728,42.80101664247846,17.900200210313365,0.4947096585335051,1.771375601719586,0.5194546549293675,0.7825102753386428
416,2431.325646396946,44.5219386533152,18.375002283521564,-0.2702675082706193,1.6357991668611247,0.6795568108987144,0.7302313450532777
417,2377.430927470977,47.12993284277631,18.885136844703354,-1.5168782244361525,1.6606608927838504,0.7987550855337661,0.7787104791898517
418,2363.428441770391,45.72689284724437,17.089675839733236,0.6121597186817499,1.802088702852423,0.8999081686664631,0.7293942070145655
419,2464.2911852485245,48.54073735027731,18.158761947278094,0.7131090614726169,0.7846222256423586,0.7800201894250707,0.6513296751568306
420,2424.2394568942277,48.90928711792845,20.105475226831913,0.008088751577775388,1.1106967954258002,0.6454810318518871,0.6800069560309424
421,2501.6015535100723,48.76721453004679,18.220919807045238,0.8783138899812261,1.793512535191067,0.48474970377567145,0.5242671973179646
422,2319.1895798191317,44.249687424189155,17.45240246375296,0.7364413921331651,1.7903972647956345,0.2762970559053179,0.5655166189770258
423,2416.4034318906483,47.69014235256926,19.850826560068455,0.8628851751465175,1.248987415317396,0.154502048976643,0.528388172613254
424,2377.0754365658936,45.02044116409261,18.4895771333362,0.6906336366578616,1.814139700036257,0.08659545233497198,0.5457253012018196
425,2450.7029130697833,45.94600331513593,19.138404907422995,2.051770016160283,1.9844749196480298,0.17502713707297318,0.5933638161910969
426,2430.072753696005,45.68993711012822,18.206529420461237,0.7447921102554269,0.8135508936153528,0.2301907704875685,0.6787570327187663
427,2400.661772187146,40.298667296909805,17.122586346935776,-0.14284305311762135,1.8415634004192099,0.5006211906771921,0.723269814875411
428,2462.3380031890283,51.49009418145155,18.810261069694658,0.5506575632597894,1.1487924299365617,0.6680334268052985,0.7647352884659675
429,2384.358782988901,45.20803071834175,17.458199565548387,2.1014316859099313,1.7748674523378392,0.8125706243626453,0.7408268312909445
430,2453.0906598888455,46.70015599505876,17.995123864230717,1.5976029356014518,2.292012348123575,0.8261019088457449,0.7543026701492115
431,2438.031481924318,38.391713729430265,18.586320802748848,0.1378395124971843,1.4512354299023589,0.8619650014571204,0.7049407944162348
432,2490.244094071028,46.13379585561416,20.167405465888606,-0.3480105581993348,1.2967017763163573,0.7648866605007959,0.6458388547542576
433,2381.450028343281,47.85465012788605,19.017449410250425,1.1360305619185542,1.0949915694464676,0.6032998652620786,0.5891861258168053
434,2481.110028490917,49.73855545731136,19.79755263918166,2.82929669969131,2.3724907345013877,0.5052278785278457,0.5312239788864542
435,2441.007682954005,46.67680357286788,18.33458453598317,0.22882282226781525,1.8704087158230496,0.29611129627720284,0.5196340431129209
436,2438.8150719401365,49.44663663418657,18.81979641364661,-0.5292972479132758,1.5649943181919523,0.10102562873732818,0.5242523720036775
437,2337.36292071322,42.068011864849,18.31186115627394,1.2458533352164942,1.0572263419712808,0.16759823859129197,0.557690111459043
438,2402.288269468918,40.81770194090395,18.916219005673014,1.616672551522659,1.6748921694365997,0.134911893583448,0.6442069748649912
439,2361.596781014812,39.44425464062313,18.910083927779347,0.5604350967712516,1.911352741330062,0.32128183036733826,0.6730193404760644
440,2399.4777850152623,51.08828292266139,16.72627929802124,2.2211991124247543,1.8096106441874549,0.5742475945041797,0.7524930865633374
441,2413.279133911222,47.54448015861039,18.685843014776594,0.8694955722528697,0.896529437514163,0.6933150320828281,0.7826009144168361
442,2394.639806343566,39.281353335565655,19.10804591675897,2.3388014194552924,0.5589077769719757,0.8804965560206485,0.7391256896930893
443,2350.641120679048,42.216638909012,18.799026422426316,0.8099627163755562,0.3794745289815391,0.9165953749269421,0.7243126947745849
444,2391.114942943256,48.7916520729263,18.504264823157207,0.6001496103145842,1.8396116717500526,0.888375698676314,0.6897276861185846
445,2395.858479238443,48.995442305918694,18.69692748785313,-0.15078191311838984,1.370620086422804,0.647116445483126,0.6556325558364752
446,2439.398563522897,42.18626937592024,18.492808105318005,-0.2801148927449254,1.0917088549856093,0.51907988832129,0.5942102829659461
447,2395.9045725041556,41.71434317589592,19.653329386149462,0.008973544880502338,0.9121716352121197,0.2599253225848668,0.48299246190656986
448,2382.5048568158595,37.132444260752735,18.637552461170113,-0.6579799207468455,1.5384394123119591,0.1275267224933495,0.55457900774444
449,2354.16618255888,53.31010292777477,18.62219883132526,-1.5766475546160672,1.030786578769862,0.11287110190915622,0.5240043666544228
450,2400.009804504611,46.32026806055892,17.242846532779726,-0.6380700956896104,1.4800097596356983,0.1809911585291265,0.5705272320862098
451,2396.863975397746,44.31146291477699,19.01352231922169,1.9014242450275414,0.7867951447361018,0.28293369974098026,0.6940289020553384
452,2424.5363651692182,45.496095270637824,17.848643804699943,0.8366316927196045,1.5171961417497624,0.41934189018296575,0.7294466913612002
453,2400.8673347381437,46.47554698032479,19.65691031664208,1.0688265705247637,1.5034130337021232,0.6111422285790642,0.7735188709005922
454,2429.1106582413595,45.314184369042685,19.604808125559426,0.7976021770591653,1.9266834298121016,0.7991589501800792,0.7508457029187249
455,2381.086203380331,45.97995995580044,17.564870021129682,-0.8248244723700842,2.018897100124868,0.8367278444277736,0.7763055464222518
456,2398.421440328227,48.20133001501012,17.959806187717394,1.3977812903581364,1.0452977652027147,0.8603342011363929,0.71950318946305
457,2422.481961507073,38.513182491142025,17.751011506705137,-0.358778965358614,1.2167735355151943,0.7957494912248575,0.6842934733127127
458,2295.7258841422135,38.643975309427006,18.179694075449994,0.47414555785090573,1.3209677160927316,0.6259108012466394,0.620810494298655
459,2385.749158480257,52.36338399724764,18.72421356435187,-0.5289268479965246,1.7611486316174927,0.4239166829379833,0.5870175327140181
460,2384.3956248571094,50.06591890177642,17.886916336237203,0.11136171453963262,1.5835630217176262,0.249881373532625,0.4997656206242526
461,2435.391929319278,52.18722174346772,19.56048818696715,1.3179206224506526,1.0715625619467184,0.12778326926828032,0.5190420856496037
462,2449.0315191256773,46.7036614641744,20.71417564544965,1.9179660384270882,0.750879448555285,0.17889993275123295,0.5874427349746819
463,2390.7746184489197,44.18076150896478,19.49770890698594,-0.3838355976293908,2.1519178543016926,0.09704651770243214,0.6235868764786459
464,2495.6673182358713,50.96640018135915,19.762125508729703,-0.1965139372669965,1.6575137946770315,0.30805043376485675,0.71300264962214
465,2387.518858019221,42.550834155711684,19.281188600383473,1.3657806894276645,1.5719983327232159,0.5463567002348112,0.7690219596355659
466,2356.7227747917473,46.871861890588534,17.41381486171582,0.5819109884791842,0.9954374846999731,0.7053037317484565,0.7433368439912976
467,2453.4360472806197,45.125914096763914,18.338916717599755,-0.7810630490815191,1.1770949945479878,0.8243823013043944,0.7763379645576016
468,2450.8864120160747,40.2199542265993,18.17726180818061,0.36884947128438605,2.012501548122279,0.9076177318084601,0.7314828993894498
469,2407.8033491567367,44.63762897223853,18.842221927624497,0.028599909337405582,0.966515845654458,0.8245900380220818,0.6300732585713957
470,2431.8825817601964,50.33070226130364,17.700884960478653,1.4847609241421311,1.9196802004177929,0.7639744830854819,0.6424583235366317
471,2335.2497202272043,48.91148455943622,19.402375386250444,2.5364417404976303,1.1602381083397948,0.589242199460561,0.5301489650164455
472,2397.199555709105,45.61844880445819,17.952675073220618,1.7636522119915268,1.6999484449466504,0.335739282980799,0.5355430752121021
473,2367.322811585576,42.5838295296281,17.441853638065453,0.41613336251834976,1.562125426021915,0.21556656748757558,0.49823980292894016
474,2371.0175240054723,48.23400880401909,18.546862563347794,-0.08993920765862662,1.4524757631800034,0.08176492749900967,0.5274598514736485
475,2376.760941200037,44.41989075743648,18.722967809984368,0.41667107998111913,0.8487181062667213,0.16109618456430091,0.5618539066895293
476,2396.942235078223,47.99801380687641,19.671592466618183,1.144688188701602,1.5127938848988813,0.2243243341276261,0.6567498186675123
477,2396.6242692108426,42.37611383117193,18.752643903897237,1.5397160816313036,1.407718868732634,0.33233713171721807,0.683512176968633
478,2390.139293387222,44.74342915254742,17.666662816817556,-0.3134010679448884,2.3759865236265694,0.5850348949941635,0.7457283701787532
479,2421.2411387798347,48.654382348786825,19.38344232510331,0.3585377926451334,1.6890865323063453,0.8282175005869792,0.8078338125295764
480,2384.3294878840006,42.616406859903954,2.2473493207591133,11.55835102087039,12.451528294946334,0.9019551138988161,0.7953251996158827
481,2372.911869688581,45.511388063538256,2.3275499692584494,9.212700860067637,12.425284701078121,0.8723424705908751,0.6909495617722057
482,2357.376865388326,43.75052211665128,3.015741472819175,8.05749777511348,12.79314443209915,0.798138969053785,0.6618641235910503
483,2360.470457478799,40.40261339673506,2.450431169106712,9.138522958692684,12.810162061442236,0.5616534870391647,0.6061028246644642
484,2342.149953205305,47.55797177772761,2.178374999689493,10.438880407668831,13.249087593717928,0.5485166328894087,0.5121330887643745
485,2329.2263822810455,44.42627742313978,2.3966195391878786,8.976146996236508,13.567665765764563,0.24684646087066064,0.49042543085743323
486,2316.384283552597,41.99862463878842,2.583448233081398,5.890804515939857,12.353845803674238,0.10229529210882332,0.5157477694372177
487,2303.745190392192,41.285242055508554,2.600274465358932,9.302930209550889,12.861045652476305,0.05,0.5596488481126396
488,2275.8987497561075,40.56730134778317,2.684497575318367,9.828646812539041,13.254081877525458,0.10438918522735414,0.6181648732178469
489,2290.005900176731,43.54822926790036,2.4962848132526565,6.735828591199549,12.840779720959034,0.28760118655466593,0.6302938663795892
490,2251.069262211859,39.7663780557266,2.644585080436279,8.468708663691658,12.119670635695892,0.49461570549158057,0.7069868309635214
491,2248.61297189789,38.664606200630075,2.484164932366702,8.109984421835732,13.57061288205824,0.6881182275643821,0.7758954219756948
492,2229.2909181292885,43.39155519321234,2.681541660201472,7.208017294046302,13.347366720390047,0.865175735330225,0.7163016537109155
493,2224.379603196047,41.598987743462644,2.152869920059455,10.420055887559792,12.424973836435075,0.8982422065549454,0.7609878159471803
494,2178.087057034635,37.286519698607485,2.5364126653269783,8.607893291700222,12.529379739003472,0.904569951742222,0.6934681177715097
495,2190.279397006387,37.25553442119088,2.8496584096105146,7.322442223062652,12.859838660912832,0.8057836101970614,0.6361987093406352
496,2163.5416437123554,39.17986276771762,2.9273682484445493,10.659840549104874,12.334878229857816,0.5319830996065859,0.5483644387014716
497,2182.390832818575,39.013676722033665,2.322930002591285,9.447056183391615,12.781793396558168,0.3674722697141981,0.5311711416756265
498,2152.061311464999,39.64087415118576,2.2119395069246903,9.676890868512748,12.379461517216127,0.24708188973004477,0.5472023904010693
499,2130.5610283785245,40.61540794501758,2.4495422924999946,9.588399363412602,11.606207353846623,0.1297709064170201,0.5658683009019989
500,2119.397780795625,39.43691537154088,2.629591771059049,10.413060194356811,13.224885655827096,0.09470811389530354,0.578704930802162
501,2117.374630438439,38.403554412344256,2.671971430270723,10.89427773538464,12.172922057141127,0.16662719164004752,0.6793618371550322
502,2107.584545366305,37.69601576873719,2.867137740615736,9.15492455550275,13.606696190623186,0.3717876490283501,0.7010206052972346
503,2089.131876090119,35.233926903831524,2.445488807660578,10.221225095130688,12.434856622717316,0.5703129587744433,0.8049875814311213
504,2066.961645299342,41.313148711500155,2.0724424040376452,10.793434829305273,12.984466056516137,0.7601008378765871,0.7614124791361327
505,2048.269946193458,41.12941468586208,2.4524370550872265,11.008380039195302,13.32542050198242,0.9014388211301225,0.752004535016832
506,2046.3119864139908,40.72968850912346,2.4382982729216662,10.274586459255676,13.03207082694915,0.8934422246184727,0.7249785212010227
507,2021.891248956328,37.51135870985312,2.333045005297542,8.36852307557398,13.644348309139808,0.8018615039927046,0.6179175765442659
508,2012.329034120447,40.672116576297675,2.9716617638371368,11.371937866155148,12.452152373458448,0.6721891709511781,0.6336597963716178
509,2010.6859654050463,36.695103781199535,2.200558774411367,10.64377032191736,13.768046122239527,0.4971541336527299,0.5420745401992911
510,1965.4737993208898,39.94477722991784,2.3316287561098346,8.236384247834323,12.142308453841581,0.3189460787827388,0.5243300100742835
511,1955.2595280977678,38.51557557167049,2.9786691000285828,9.183335319647416,12.245884909333572,0.11710413039494796,0.5271844892942487
512,1969.5552203207496,36.88405116409916,2.327730781767648,6.379271471050387,12.9131504945312,0.13130741303517662,0.5461774340197556
513,1929.5891360031292,39.92269150911388,2.479635645113077,9.512252852449128,13.640848867237397,0.14890574020869757,0.6331347354938286
514,1939.583073006213,37.879353564073796,2.513718197918319,6.58802832508316,12.54215372881742,0.26664544804597606,0.6691612673321458
515,1915.4854258899688,35.038023833762644,2.380333350992972,10.263540607064515,13.547842224093946,0.46305038878376537,0.6828465513171328
516,1891.3904536519042,36.037101940656086,2.33392473103893,8.015900414728176,11.959183383201003,0.681953417433745,0.7861912256260428
517,1867.5711617408135,31.9868997079113,2.7725980110076525,10.693824339075952,13.196436092961937,0.7444490052096578,0.7690852286434113
518,1869.5815593665739,37.039895766081955,2.2567250013648548,8.54462110958264,12.321487481392793,0.9214544674818818,0.7352598946216647
519,1848.2001704952054,37.94026341702552,2.4422926185482674,8.668155124572296,12.277473049647135,0.8866767259056061,0.6802513757380093
520,1838.5401569839094,34.15779646200881,2.561790542218912,10.226229133489433,12.281998497522013,0.8066731044831036,0.6569117493471517
521,1803.7574934025517,36.00927991324122,2.6038042818224536,9.086239191794256,12.82661279002779,0.5333539407816328,0.5972304552117673
522,1835.7003731049479,33.58040523404067,2.2809838908826148,6.945401105786462,12.995861356569042,0.4709522001902238,0.5680193411374012
523,1827.7832001681472,37.23142960703959,2.6490160215326215,8.191773129587052,14.183370765846503,0.2258095928326106,0.5356994168666737
524,1803.3024364842954,31.19372417447844,2.7412319780239573,7.432627902861967,12.853082993690435,0.1677594207138257,0.5851937738452725
525,1768.4384481165196,37.460491201674266,2.572526867466556,7.485943424897982,12.947514092979588,0.09345739756374385,0.620679866792733
526,1786.2760918376498,34.592449129277966,2.8258288824050783,12.530288549782156,12.706567356482203,0.17766258573642926,0.6180120846054151
527,1746.2156760630498,36.204258525112884,2.2988652303512627,7.257185227905457,12.931711985033608,0.3110797295413955,0.6825055643069821
528,1744.9842166734932,31.657650598769557,2.5739758975264495,9.893646657648295,13.727389770788966,0.5542719942289924,0.7253644973227705
529,1723.366127150588,34.419578855211626,2.529696250574188,11.818089633532175,12.302679276996281,0.6680330804584422,0.8064992034285114
530,1707.3750594888395,32.14676713924631,2.5352900903777806,11.466357629647884,13.841974349808565,0.8350085961311835,0.7690547447145335
531,1685.2071999996913,30.398336064532604,2.29964708089132,6.090751377434129,13.668716879008665,0.9089736434053262,0.7615022410099261
532,1689.465699026463,33.825849864687626,2.2283646569025852,8.02194564388941,13.708642270171225,0.8548602338535622,0.7089871560042531
533,1668.4465943192572,31.311351836685972,2.320004447390698,9.13867401073973,13.158620828827937,0.7288420150879951,0.5887268110969294
534,1650.013748393929,32.099659122552104,2.5690000531638084,8.725235499152713,12.651673880777174,0.5063105527903387,0.5238695222214205
535,1623.585295403892,34.62741123401734,2.3146677327948493,11.026453103663364,13.33768071188482,0.34085368491908696,0.5414558535161044
536,1621.8867649795977,30.129095036682408,2.5730138860655867,12.148135875265705,13.56108836309893,0.23185901111064072,0.5486938583439565
537,1612.308830604583,27.128025760811248,1.9758695235286114,9.137158604515799,12.7382638679252,0.11028782475019837,0.5823614299284806
538,1588.3267237233224,32.92695715194566,2.5368837810621345,8.556569827480628,12.485164409674223,0.1732520573427268,0.6370695997285246
539,1556.0653666048404,29.849125777645344,2.5653707670155694,9.22421746850591,12.562166509970774,0.2637494701442066,0.651112457397753
540,1576.3798190553716,29.8449086799106,2.8391527512716173,9.660683585006273,11.93724110852622,0.480116116021798,0.7326300354063258
541,1556.3200342709456,30.05381352861827,2.2426331159075947,7.502528952005726,14.04940913063837,0.629809135208525,0.7663811655170957
542,1544.3044904668748,31.43063993067184,1.9577254263108594,9.767571760378377,13.377575250906352,0.8239498803839697,0.787565929697775
543,1500.0876631138706,28.017668752330305,2.5831561903816764,11.024448400290748,12.119944983715857,0.8839632171330857,0.7532458500639403
544,1499.725289625209,24.53049971410751,2.415862592966503,8.0000942451864,12.768565627150045,0.8328882370021921,0.6465842219940254
545,1471.3000674217722,29.05126781182799,2.443445627887254,8.448178655202714,13.59724387095148,0.745111141974858,0.6436692214785116
546,1471.8106329495388,24.87242174830761,2.367545203097816,7.813067491821551,12.70322615791278,0.6515118528054604,0.5753653180696398
547,1473.6644599367398,26.318578171219272,2.4501141572949807,5.596586853153647,13.269647131521836,0.39302103284351153,0.5663769504899578
548,1455.3744549304115,25.243689646523872,2.0895023158782573,8.215444902838335,12.890858677667168,0.21375331451315369,0.5807192987563069
549,1453.5873118960126,26.040459435411567,2.5092671931531996,10.082787626061466,13.246758521766004,0.12840259916458321,0.566571806844097
550,1416.5291862499887,26.56286986136705,2.271815301854514,8.013676906737908,12.885949801684113,0.09025710770826474,0.541585155817851
551,1417.9332181392942,24.698397491027258,2.6661891028969125,10.203362174492176,13.228024386800112,0.1685616110033775,0.6506368809406187
552,1427.2752967038969,25.229977517378916,2.388975040317281,7.299802019068917,13.440557104524666,0.310887938982163,0.7096822770713834
553,1399.0809075227987,28.267078711902226,2.4443467845855626,6.807508373809281,13.794063449541223,0.5178369953490342,0.7154045246231893
554,1391.314850048875,26.116530533703987,2.380219260991837,9.726587698098815,13.668081127573293,0.7533794742269629,0.7591979394176904
555,1368.1179848910972,23.27940284427551,2.455034605839074,7.3924420741476204,13.42889827083673,0.81953582098438,0.756633662881386
556,1356.1303521637383,22.830101794282925,2.6248664749492367,7.442493353817855,13.433127737993726,0.9261896171467929,0.724532181611762
557,1309.1766007696533,24.47396037538719,2.3869638943676663,10.69519688924889,12.703877736610451,0.924406822973588,0.6739285896914107
558,1310.521479069975,23.421420123703513,2.702547389439598,10.650635257152596,13.274992299786977,0.7436189210745279,0.6117798694929507
559,1320.9338304756288,23.75353008082113,2.524736383987116,5.963972404911615,13.120925536307166,0.4964683347882588,0.5655545730474891
560,1297.3561564147667,26.602531489025843,2.3828832964957765,7.251408452485649,12.527517316208261,0.37444580539106265,0.557565733238023
561,1279.9272222039947,24.053692004442258,2.371585272697834,6.087732464567944,14.109509781963856,0.11165035752052548,0.5443642901843839
562,1280.6901381506727,26.14026030830492,2.275362186369256,8.867224206398465,14.17787264512949,0.11497254413890137,0.5892030837061942
563,1233.4338350029234,25.08721883610441,2.887976203540069,10.578373235162678,12.872254893038257,0.1928753498432842,0.6063941320274091
564,1218.308197674768,24.45230479705397,2.3528023883353506,9.254872857277086,13.245663200833823,0.26081532858537904,0.6695759396880198
565,1204.2824180163886,24.68636610442806,2.6724510617265933,8.248938711722253,12.74484288227365,0.4862765995724174,0.7461548138403025
566,1223.3262670939166,22.57776926446744,2.554143669206971,10.606190061578053,12.361823787401013,0.6260232371589487,0.7357461603720371
567,1172.4335015924587,21.235914758839286,2.783815291055535,7.7453389020172185,12.789896313400748,0.7596440782629278,0.7613705195097982
568,1188.7905769433933,23.669895320185685,2.2918391421949416,9.717916177361237,13.487444812952656,0.8361938892492468,0.7794731478974627
569,1158.0963498552844,22.624151626002917,2.7386708048846207,11.204268586943822,12.60309626277266,0.8774520481205583,0.7048239698641114
570,1138.7365635103288,25.067082091942087,2.4814632356000708,10.562570771860702,13.497047764289412,0.8518315372840276,0.6821110250741588
571,1128.6106284200996,23.89859340349155,2.38670054163213,9.04340276000907,12.991634606393083,0.6706028854149448,0.5750338243991042
572,1134.5090489098632,19.027593437471452,2.4613634058249185,9.743420184577145,13.365807656493118,0.5410776083174,0.612403749778982
573,1089.8768673786026,25.040253636614345,2.5022948791010187,10.358665322612643,12.776415996985422,0.2671714942303393,0.518818993389696
574,1091.0770338470802,21.338320897115082,2.1746243707924076,10.193201693244271,13.791003253786842,0.08573241969753337,0.5124147372511569
575,1089.6083883595436,22.21678149977414,2.6187800187095016,9.948474081400816,12.711795262001068,0.1180768549765664,0.599560874847882
576,1060.6798507206813,20.404119902916737,2.4026931031104466,9.472011691034028,12.749041757280873,0.12151404621175589,0.6302189247931983
577,1064.3041307453893,19.92368327005583,2.602169093717926,9.26876373938991,13.155675243393187,0.33586728794623055,0.6822283729302153
578,1039.0196382921147,19.315522964274145,2.635623205626188,7.784408583894983,13.228523541731336,0.4948670126001709,0.7228072604422074
579,1006.1989631692842,18.983065367042812,2.0814543345353482,9.419551787397817,13.58718578648549,0.6666234925008201,0.7905205639531411
580,1000.5484840737246,21.57388675376159,2.207607443708305,7.547669532350328,12.382160056916458,0.7905877495871931,0.722761067469298
581,991.5806417719638,18.146026754907325,2.646544448333228,9.020508855870004,13.753926316283199,0.8563205265200144,0.7219887202306624
582,947.190210149511,19.69371406533014,2.720355942791383,9.861013989278597,12.722972423363453,0.8373053599358973,0.6949482506327657
583,970.1209461392381,16.196462941217064,2.8043491745443663,7.502061292139632,11.827392446009075,0.7411313058382365,0.6313192845273832
584,947.9365942409645,20.399510405930766,2.283455580940993,11.479252899511582,13.472542155036445,0.5695193249042955,0.5518137991476736
585,936.8160708270619,18.246968654758366,2.262820775767713,9.017058042842093,12.676140495734046,0.3741219526515639,0.5769626054891672
586,915.6322500366098,14.441311190309566,2.5048474008103225,9.674582298802074,13.065164835271531,0.19945063331739488,0.511482784696187
587,931.0968171835408,19.600031631389808,2.5386641182539114,10.04629743530404,12.002075168322154,0.08522004437950659,0.5472727118355423
588,898.8180676970403,19.751558858817884,2.43613721122807,10.277017794420772,12.612145107236154,0.13163592054827403,0.6057309013175881
589,902.2694991242076,20.670078005052915,2.884191432862054,10.115793037862636,12.566132147180912,0.20989437283469167,0.6585081707080449
590,864.1885332617485,19.450350951954327,2.2148518654110276,8.300022575802226,12.40896213200526,0.3631832202617101,0.6832813270245356
591,864.3901393842818,16.83777375085061,2.511453547838021,8.990085715638426,13.83567421779944,0.5361072940265627,0.7322999878533173
592,844.1275675274749,15.479758813790115,1.9845426750578574,8.403215297948975,13.028867944767692,0.7346763197222319,0.7547775895072187
593,822.6461394474583,13.336648730838196,2.407545428253712,8.014099487963783,12.816271763503131,0.884094680685816,0.7737608259626105
594,860.7451298207978,15.494705545511739,2.864036628979071,8.583776596096243,12.550725951744877,0.8636542083124483,0.7102518961218205
595,838.9788439754533,16.369133084308817,2.4755087973127106,9.773634945940982,12.572243972221434,0.7873295379682007,0.6429436568952417
596,808.4899906020866,16.32242553878264,2.415129293471452,11.14706229519969,13.18609173476897,0.636749925878627,0.5893846608546771
597,807.6323380138134,14.480973528128809,2.0824107633958775,6.544392815205444,12.507137185219028,0.5006940209854537,0.5874628550916852
598,768.5589858878567,15.817508415567357,2.616310281444413,10.022931665418994,13.0826385004322,0.3197576852391465,0.5788125835322651
599,763.2186685902033,16.18964870075321,2.2301317646218335,9.78541402808211,13.71913534687259,0.13762726464275357,0.5280386956929187
